parameter,provenance_type,value,unit,crop,region,season,source,source_url,source_year,transformation,assumption,confidence,notes
crop.kc_and_stage_lengths,OBSERVED,Kc 1.05/1.2/0.9; 150d,Kc dimensionless; days,rice,,,"FAO Irrigation & Drainage Paper 56 (Allen et al. 1998), Tables 11-12",https://www.fao.org/4/x0490e/x0490e0b.htm,1998,Kc ranges reduced to representative value; stage means used for CWR curve,,HIGH,Access 2026-08-12. Stage lengths: Tropics/Mediterranean (Table 11). Kc end range 0.90-0.60; 0.90 for continuously ponded paddy. Kc ini for paddy adjust via Table 14.
crop.kc_and_stage_lengths,OBSERVED,Kc 0.3/1.15/0.3; 120d,Kc dimensionless; days,wheat,,,"FAO Irrigation & Drainage Paper 56 (Allen et al. 1998), Tables 11-12",https://www.fao.org/4/x0490e/x0490e0b.htm,1998,Kc ranges reduced to representative value; stage means used for CWR curve,,HIGH,"Access 2026-08-12. Stage lengths: Central India, Nov planting (Table 11). Spring/rabi wheat. Kc end range 0.25-0.40 (0.40 if hand-harvested green)."
crop.kc_and_stage_lengths,OBSERVED,Kc 0.3/1.2/0.35; 125d,Kc dimensionless; days,maize,,,"FAO Irrigation & Drainage Paper 56 (Allen et al. 1998), Tables 11-12",https://www.fao.org/4/x0490e/x0490e0b.htm,1998,Kc ranges reduced to representative value; stage means used for CWR curve,,HIGH,"Access 2026-08-12. Stage lengths: India, dry cool (Table 11). Grain maize; Kc end 0.60 (high grain moisture) to 0.35 (field-dried)."
crop.kc_and_stage_lengths,OBSERVED,Kc 0.3/1.05/0.55; 130d,Kc dimensionless; days,sorghum,,,"FAO Irrigation & Drainage Paper 56 (Allen et al. 1998), Tables 11-12",https://www.fao.org/4/x0490e/x0490e0b.htm,1998,Kc ranges reduced to representative value; stage means used for CWR curve,,MEDIUM,Access 2026-08-12. Stage lengths: USA/Pakistan/Mediterranean (Table 11). Grain sorghum; Kc mid range 1.00-1.10.
crop.kc_and_stage_lengths,OBSERVED,Kc 0.3/1.0/0.3; 105d,Kc dimensionless; days,pearl_millet,,,"FAO Irrigation & Drainage Paper 56 (Allen et al. 1998), Tables 11-12",https://www.fao.org/4/x0490e/x0490e0b.htm,1998,Kc ranges reduced to representative value; stage means used for CWR curve,,MEDIUM,"Access 2026-08-12. Stage lengths: Millet, Pakistan Jun planting (Table 11). FAO 'Millet' used for pearl millet."
crop.kc_and_stage_lengths,SYNTHETIC_GROUNDED,Kc 0.4/1.0/0.35; 150d,Kc dimensionless; days,chickpea,,,,https://www.fao.org/4/x0490e/x0490e0b.htm,1998,Kc ranges reduced to representative value; stage means used for CWR curve,"Kc from FAO-56 Table 12 (chickpea, OBSERVED). Stage lengths not listed for chickpea in Table 11; mapped to a ~150d rabi pulse cycle — ASSUMPTION, verify locally.",MEDIUM,"Access 2026-08-12. Stage lengths: Stage lengths mapped from rabi legume analogue. Kc from FAO-56 Table 12 (chickpea, OBSERVED). Stage lengths not listed for chickpea in Table 11; mapped to a ~150d rabi pulse cycle — ASSUMPTION, verify locally."
crop.kc_and_stage_lengths,SYNTHETIC_GROUNDED,Kc 0.4/1.15/0.55; 180d,Kc dimensionless; days,pigeon_pea,,,,https://www.fao.org/4/x0490e/x0490e0b.htm,1998,Kc ranges reduced to representative value; stage means used for CWR curve,Pigeon pea is NOT in FAO-56. Kc mapped to legume group default (ini 0.4/mid 1.15/end 0.55). Duration ~180d ASSUMED for medium-duration variety. Both are assumptions — flag for sourcing.,LOW,Access 2026-08-12. Stage lengths: Legume group default; long-duration kharif pulse. Pigeon pea is NOT in FAO-56. Kc mapped to legume group default (ini 0.4/mid 1.15/end 0.55). Duration ~180d ASSUMED for medium-duration variety. Both are assumptions — flag for sourcing.
crop.kc_and_stage_lengths,OBSERVED,Kc 0.4/1.15/0.6; 130d,Kc dimensionless; days,groundnut,,,"FAO Irrigation & Drainage Paper 56 (Allen et al. 1998), Tables 11-12",https://www.fao.org/4/x0490e/x0490e0b.htm,1998,Kc ranges reduced to representative value; stage means used for CWR curve,,HIGH,"Access 2026-08-12. Stage lengths: Groundnut, dry West Africa (Table 11)."
crop.kc_and_stage_lengths,OBSERVED,Kc 0.4/1.15/0.5; 137d,Kc dimensionless; days,soybean,,,"FAO Irrigation & Drainage Paper 56 (Allen et al. 1998), Tables 11-12",https://www.fao.org/4/x0490e/x0490e0b.htm,1998,Kc ranges reduced to representative value; stage means used for CWR curve,,MEDIUM,"Access 2026-08-12. Stage lengths: Central USA, May (Table 11). Indian kharif soybean varieties are often shorter (~95-110d); FAO duration retained but flagged — prefer local ICAR variety data."
crop.kc_and_stage_lengths,SYNTHETIC_GROUNDED,Kc 0.35/1.1/0.35; 130d,Kc dimensionless; days,mustard,,,,https://www.fao.org/4/x0490e/x0490e0b.htm,1998,Kc ranges reduced to representative value; stage means used for CWR curve,Indian mustard mapped to FAO rapeseed/canola (Kc mid 1.0-1.15 -> 1.10). Duration ~130d rabi ASSUMED — verify with ICAR/DES.,MEDIUM,Access 2026-08-12. Stage lengths: Rapeseed/Canola mapping (Table 12 oil crops). Indian mustard mapped to FAO rapeseed/canola (Kc mid 1.0-1.15 -> 1.10). Duration ~130d rabi ASSUMED — verify with ICAR/DES.
crop.kc_and_stage_lengths,OBSERVED,Kc 0.35/1.18/0.6; 195d,Kc dimensionless; days,cotton,,,"FAO Irrigation & Drainage Paper 56 (Allen et al. 1998), Tables 11-12",https://www.fao.org/4/x0490e/x0490e0b.htm,1998,Kc ranges reduced to representative value; stage means used for CWR curve,,HIGH,"Access 2026-08-12. Stage lengths: Cotton, Egypt/Pakistan/Calif. (Table 11). Kc mid range 1.15-1.20; Kc end range 0.70-0.50."
crop.kc_and_stage_lengths,OBSERVED,Kc 0.5/1.15/0.75; 130d,Kc dimensionless; days,potato,,,"FAO Irrigation & Drainage Paper 56 (Allen et al. 1998), Tables 11-12",https://www.fao.org/4/x0490e/x0490e0b.htm,1998,Kc ranges reduced to representative value; stage means used for CWR curve,,MEDIUM,"Access 2026-08-12. Stage lengths: Continental, May (Table 11). Indian rabi potato often 90-120d; FAO continental cycle retained but flagged."
crop.kc_and_stage_lengths,OBSERVED,Kc 0.7/1.05/0.75; 150d,Kc dimensionless; days,onion,,,"FAO Irrigation & Drainage Paper 56 (Allen et al. 1998), Tables 11-12",https://www.fao.org/4/x0490e/x0490e0b.htm,1998,Kc ranges reduced to representative value; stage means used for CWR curve,,HIGH,"Access 2026-08-12. Stage lengths: Onion (dry), Mediterranean Apr (Table 11)."
crop.kc_and_stage_lengths,OBSERVED,Kc 0.6/1.15/0.8; 135d,Kc dimensionless; days,tomato,,,"FAO Irrigation & Drainage Paper 56 (Allen et al. 1998), Tables 11-12",https://www.fao.org/4/x0490e/x0490e0b.htm,1998,Kc ranges reduced to representative value; stage means used for CWR curve,,HIGH,"Access 2026-08-12. Stage lengths: Tomato, arid region Jan (Table 11). Kc end range 0.70-0.90."
climate.ET0_by_region_stage,SYNTHETIC_EXPERIMENTAL,,mm/day,,,,,,,,,REQUIRES_SOURCING,Reference evapotranspiration per region/season/stage required to turn Kc into a crop water requirement. Source: IMD / CROPWAT / FAO CLIMWAT. Not yet sourced — CWR is computed on demand and refused without it.
climate.ET0_seasonal,OBSERVED,"kharif 6.2, rabi 4.1",mm/day,,R1,,Central Punjab (Ludhiana) FAO-PM ET0 study,https://www.sciencedirect.com/science/article/pii/S2666154323001473,2023,Seasonal totals divided by season length where reported as totals,,MEDIUM,Seasonal ~755 mm kharif / ~490 mm rabi; FAO-PM as standard. Divided by season length.
climate.ET0_seasonal,OBSERVED,"kharif 6.23, rabi 4.29",mm/day,,R2,,"Phad et al. (2020) MAUSAM 71(1), IMD (Govt. of India), Parbhani",https://mausamjournal.imd.gov.in/index.php/MAUSAM/article/download/13/14/61,2020,Seasonal totals divided by season length where reported as totals,,HIGH,"Directly reported seasonal mean daily ET0 (kharif 6.23, rabi 4.29)."
climate.ET0_seasonal,SYNTHETIC_GROUNDED,"kharif 4.2, rabi 3.5",mm/day,,R3,,Rao et al. ET0 over India (Penman-Monteith spatial characterisation); Bihar/Patna annual 4.1 mm/day supporting anchor,https://www.researchgate.net/publication/293484465,2012,Seasonal totals divided by season length where reported as totals,Regional ET0 interpolated from a published all-India ET0 spatial characterisation; not a station seasonal mean.,LOW,"Humid eastern India: lower ET0. Regional characterisation (kharif monsoon-suppressed, rabi cool), NOT a station seasonal mean; refine with a WB station."
climate.ET0_seasonal,SYNTHETIC_GROUNDED,"kharif 6.5, rabi 4.5",mm/day,,R4,,"Rao et al. ET0 over India (southern Rajasthan among highest, summer 7-13 mm/day); arid-Rajasthan CWR studies supporting",https://www.researchgate.net/publication/293484465,2012,Seasonal totals divided by season length where reported as totals,Regional ET0 interpolated from a published all-India ET0 spatial characterisation; not a station seasonal mean.,MEDIUM,"Semi-arid west: high ET0. Regional characterisation, not a station seasonal mean; refine with a Rajasthan (e.g. Bikaner/Jodhpur) station."
climate.ET0_seasonal,SYNTHETIC_GROUNDED,"kharif 5.0, rabi 4.3",mm/day,,R5,,Rao et al. ET0 over India (western Karnataka 5-6 mm/day),https://www.researchgate.net/publication/293484465,2012,Seasonal totals divided by season length where reported as totals,Regional ET0 interpolated from a published all-India ET0 spatial characterisation; not a station seasonal mean.,LOW,"Southern peninsula: moderate ET0. Regional characterisation, not a station seasonal mean; refine with a Karnataka station."
crop.crop_water_requirement,DERIVED,,mm/season,,,,FAO-56 Kc method (crop_water.py) x regional ET0 (this module),https://www.fao.org/4/x0490e/x0490e0b.htm,1998,CWR = sum_stages(Kc_stage * ET0 * stage_days); uniform seasonal ET0 across stages,Stage-uniform ET0 pending monthly IMD/CROPWAT stage-resolved values,MEDIUM,"Computed for all five regions; R1/R2 station-based, R3-R5 characterisation-based."
climate.seasonal_rainfall,SYNTHETIC_GROUNDED,"kharif 460, rabi 100",mm,,R1,,IMD seasonal rainfall climatology (all-India LPA 868.6 mm; East&NE subdivision 1367.3 mm),https://mausam.imd.gov.in/responsive/rainfall_statistics.php,2020,,Representative state seasonal rainfall from IMD climatology; all-India LPA and East&NE subdivision normal are IMD-sourced anchors.,MEDIUM,Refine with IMD district/subdivision normals.
climate.seasonal_rainfall,SYNTHETIC_GROUNDED,"kharif 700, rabi 60",mm,,R2,,IMD seasonal rainfall climatology (all-India LPA 868.6 mm; East&NE subdivision 1367.3 mm),https://mausam.imd.gov.in/responsive/rainfall_statistics.php,2020,,Representative state seasonal rainfall from IMD climatology; all-India LPA and East&NE subdivision normal are IMD-sourced anchors.,MEDIUM,Refine with IMD district/subdivision normals.
climate.seasonal_rainfall,SYNTHETIC_GROUNDED,"kharif 1200, rabi 100",mm,,R3,,IMD seasonal rainfall climatology (all-India LPA 868.6 mm; East&NE subdivision 1367.3 mm),https://mausam.imd.gov.in/responsive/rainfall_statistics.php,2020,,Representative state seasonal rainfall from IMD climatology; all-India LPA and East&NE subdivision normal are IMD-sourced anchors.,MEDIUM,Refine with IMD district/subdivision normals.
climate.seasonal_rainfall,SYNTHETIC_GROUNDED,"kharif 400, rabi 30",mm,,R4,,IMD seasonal rainfall climatology (all-India LPA 868.6 mm; East&NE subdivision 1367.3 mm),https://mausam.imd.gov.in/responsive/rainfall_statistics.php,2020,,Representative state seasonal rainfall from IMD climatology; all-India LPA and East&NE subdivision normal are IMD-sourced anchors.,MEDIUM,Refine with IMD district/subdivision normals.
climate.seasonal_rainfall,SYNTHETIC_GROUNDED,"kharif 600, rabi 150",mm,,R5,,IMD seasonal rainfall climatology (all-India LPA 868.6 mm; East&NE subdivision 1367.3 mm),https://mausam.imd.gov.in/responsive/rainfall_statistics.php,2020,,Representative state seasonal rainfall from IMD climatology; all-India LPA and East&NE subdivision normal are IMD-sourced anchors.,LOW,Refine with IMD district/subdivision normals.
climate.rainfall_effectiveness,SYNTHETIC_EXPERIMENTAL,"kharif 0.75, rabi 0.80",fraction,,,,,,,,,REQUIRES_SOURCING,"FAO/USDA effective-rainfall fraction, simplified to a fixed ratio; experimental parameter for sensitivity analysis."
crop.msp_floor_per_kg,OBSERVED,23.69,INR/kg,rice,,,"CACP/CCEA MSP, Kharif Marketing Season 2025-26 (PIB PRID 2131983)",https://www.pib.gov.in/PressReleasePage.aspx?PRID=2131983,2025,MSP Rs/quintal / 100,,HIGH,"Paddy Common. MSP is a NATIONAL POLICY FLOOR (KMS 2025-26), not the market price and not demand. Region-specific AGMARKNET market price remains a separate obligation. Access 2026-08-13."
crop.cost_per_quintal,OBSERVED,1579,INR/quintal (A2+FL),rice,,,"CACP/CCEA MSP, Kharif Marketing Season 2025-26 (PIB PRID 2131983)",https://www.pib.gov.in/PressReleasePage.aspx?PRID=2131983,2025,,,HIGH,"CACP cost of production, basis A2+FL. Bases differ across seasons (kharif A2+FL vs rabi C2) and MUST NOT be mixed. cultivation_cost/ha = cost_per_quintal x yield_q_per_ha (DERIVED, pending consistent-basis yield)."
crop.msp_floor_per_kg,OBSERVED,24.0,INR/kg,maize,,,"CACP/CCEA MSP, Kharif Marketing Season 2025-26 (PIB PRID 2131983)",https://www.pib.gov.in/PressReleasePage.aspx?PRID=2131983,2025,MSP Rs/quintal / 100,,HIGH,". MSP is a NATIONAL POLICY FLOOR (KMS 2025-26), not the market price and not demand. Region-specific AGMARKNET market price remains a separate obligation. Access 2026-08-13."
crop.cost_per_quintal,OBSERVED,1508,INR/quintal (A2+FL),maize,,,"CACP/CCEA MSP, Kharif Marketing Season 2025-26 (PIB PRID 2131983)",https://www.pib.gov.in/PressReleasePage.aspx?PRID=2131983,2025,,,HIGH,"CACP cost of production, basis A2+FL. Bases differ across seasons (kharif A2+FL vs rabi C2) and MUST NOT be mixed. cultivation_cost/ha = cost_per_quintal x yield_q_per_ha (DERIVED, pending consistent-basis yield)."
crop.msp_floor_per_kg,OBSERVED,36.99,INR/kg,sorghum,,,"CACP/CCEA MSP, Kharif Marketing Season 2025-26 (PIB PRID 2131983)",https://www.pib.gov.in/PressReleasePage.aspx?PRID=2131983,2025,MSP Rs/quintal / 100,,HIGH,"Jowar Hybrid. MSP is a NATIONAL POLICY FLOOR (KMS 2025-26), not the market price and not demand. Region-specific AGMARKNET market price remains a separate obligation. Access 2026-08-13."
crop.cost_per_quintal,OBSERVED,2466,INR/quintal (A2+FL),sorghum,,,"CACP/CCEA MSP, Kharif Marketing Season 2025-26 (PIB PRID 2131983)",https://www.pib.gov.in/PressReleasePage.aspx?PRID=2131983,2025,,,HIGH,"CACP cost of production, basis A2+FL. Bases differ across seasons (kharif A2+FL vs rabi C2) and MUST NOT be mixed. cultivation_cost/ha = cost_per_quintal x yield_q_per_ha (DERIVED, pending consistent-basis yield)."
crop.msp_floor_per_kg,OBSERVED,27.75,INR/kg,pearl_millet,,,"CACP/CCEA MSP, Kharif Marketing Season 2025-26 (PIB PRID 2131983)",https://www.pib.gov.in/PressReleasePage.aspx?PRID=2131983,2025,MSP Rs/quintal / 100,,HIGH,"Bajra. MSP is a NATIONAL POLICY FLOOR (KMS 2025-26), not the market price and not demand. Region-specific AGMARKNET market price remains a separate obligation. Access 2026-08-13."
crop.cost_per_quintal,OBSERVED,1703,INR/quintal (A2+FL),pearl_millet,,,"CACP/CCEA MSP, Kharif Marketing Season 2025-26 (PIB PRID 2131983)",https://www.pib.gov.in/PressReleasePage.aspx?PRID=2131983,2025,,,HIGH,"CACP cost of production, basis A2+FL. Bases differ across seasons (kharif A2+FL vs rabi C2) and MUST NOT be mixed. cultivation_cost/ha = cost_per_quintal x yield_q_per_ha (DERIVED, pending consistent-basis yield)."
crop.msp_floor_per_kg,OBSERVED,80.0,INR/kg,pigeon_pea,,,"CACP/CCEA MSP, Kharif Marketing Season 2025-26 (PIB PRID 2131983)",https://www.pib.gov.in/PressReleasePage.aspx?PRID=2131983,2025,MSP Rs/quintal / 100,,HIGH,"Tur/Arhar. MSP is a NATIONAL POLICY FLOOR (KMS 2025-26), not the market price and not demand. Region-specific AGMARKNET market price remains a separate obligation. Access 2026-08-13."
crop.cost_per_quintal,OBSERVED,5038,INR/quintal (A2+FL),pigeon_pea,,,"CACP/CCEA MSP, Kharif Marketing Season 2025-26 (PIB PRID 2131983)",https://www.pib.gov.in/PressReleasePage.aspx?PRID=2131983,2025,,,HIGH,"CACP cost of production, basis A2+FL. Bases differ across seasons (kharif A2+FL vs rabi C2) and MUST NOT be mixed. cultivation_cost/ha = cost_per_quintal x yield_q_per_ha (DERIVED, pending consistent-basis yield)."
crop.msp_floor_per_kg,OBSERVED,72.63,INR/kg,groundnut,,,"CACP/CCEA MSP, Kharif Marketing Season 2025-26 (PIB PRID 2131983)",https://www.pib.gov.in/PressReleasePage.aspx?PRID=2131983,2025,MSP Rs/quintal / 100,,HIGH,". MSP is a NATIONAL POLICY FLOOR (KMS 2025-26), not the market price and not demand. Region-specific AGMARKNET market price remains a separate obligation. Access 2026-08-13."
crop.cost_per_quintal,OBSERVED,4842,INR/quintal (A2+FL),groundnut,,,"CACP/CCEA MSP, Kharif Marketing Season 2025-26 (PIB PRID 2131983)",https://www.pib.gov.in/PressReleasePage.aspx?PRID=2131983,2025,,,HIGH,"CACP cost of production, basis A2+FL. Bases differ across seasons (kharif A2+FL vs rabi C2) and MUST NOT be mixed. cultivation_cost/ha = cost_per_quintal x yield_q_per_ha (DERIVED, pending consistent-basis yield)."
crop.msp_floor_per_kg,OBSERVED,53.28,INR/kg,soybean,,,"CACP/CCEA MSP, Kharif Marketing Season 2025-26 (PIB PRID 2131983)",https://www.pib.gov.in/PressReleasePage.aspx?PRID=2131983,2025,MSP Rs/quintal / 100,,HIGH,"Soybean Yellow. MSP is a NATIONAL POLICY FLOOR (KMS 2025-26), not the market price and not demand. Region-specific AGMARKNET market price remains a separate obligation. Access 2026-08-13."
crop.cost_per_quintal,OBSERVED,3552,INR/quintal (A2+FL),soybean,,,"CACP/CCEA MSP, Kharif Marketing Season 2025-26 (PIB PRID 2131983)",https://www.pib.gov.in/PressReleasePage.aspx?PRID=2131983,2025,,,HIGH,"CACP cost of production, basis A2+FL. Bases differ across seasons (kharif A2+FL vs rabi C2) and MUST NOT be mixed. cultivation_cost/ha = cost_per_quintal x yield_q_per_ha (DERIVED, pending consistent-basis yield)."
crop.msp_floor_per_kg,OBSERVED,77.1,INR/kg,cotton,,,"CACP/CCEA MSP, Kharif Marketing Season 2025-26 (PIB PRID 2131983)",https://www.pib.gov.in/PressReleasePage.aspx?PRID=2131983,2025,MSP Rs/quintal / 100,,HIGH,"Medium Staple. MSP is a NATIONAL POLICY FLOOR (KMS 2025-26), not the market price and not demand. Region-specific AGMARKNET market price remains a separate obligation. Access 2026-08-13."
crop.cost_per_quintal,OBSERVED,5140,INR/quintal (A2+FL),cotton,,,"CACP/CCEA MSP, Kharif Marketing Season 2025-26 (PIB PRID 2131983)",https://www.pib.gov.in/PressReleasePage.aspx?PRID=2131983,2025,,,HIGH,"CACP cost of production, basis A2+FL. Bases differ across seasons (kharif A2+FL vs rabi C2) and MUST NOT be mixed. cultivation_cost/ha = cost_per_quintal x yield_q_per_ha (DERIVED, pending consistent-basis yield)."
crop.msp_floor_per_kg,OBSERVED,25.85,INR/kg,wheat,,,"CACP/CCEA MSP, Rabi Marketing Season 2026-27 (PIB PRID 2173567)",https://www.pib.gov.in/PressReleasePage.aspx?PRID=2173567,2025,MSP Rs/quintal / 100,,HIGH,". MSP is a NATIONAL POLICY FLOOR (RMS 2026-27), not the market price and not demand. Region-specific AGMARKNET market price remains a separate obligation. Access 2026-08-13."
crop.cost_per_quintal,OBSERVED,1804,INR/quintal (C2),wheat,,,"CACP/CCEA MSP, Rabi Marketing Season 2026-27 (PIB PRID 2173567)",https://www.pib.gov.in/PressReleasePage.aspx?PRID=2173567,2025,,,HIGH,"CACP cost of production, basis C2. Bases differ across seasons (kharif A2+FL vs rabi C2) and MUST NOT be mixed. cultivation_cost/ha = cost_per_quintal x yield_q_per_ha (DERIVED, pending consistent-basis yield)."
crop.msp_floor_per_kg,OBSERVED,58.75,INR/kg,chickpea,,,"CACP/CCEA MSP, Rabi Marketing Season 2026-27 (PIB PRID 2173567)",https://www.pib.gov.in/PressReleasePage.aspx?PRID=2173567,2025,MSP Rs/quintal / 100,,HIGH,"Gram. MSP is a NATIONAL POLICY FLOOR (RMS 2026-27), not the market price and not demand. Region-specific AGMARKNET market price remains a separate obligation. Access 2026-08-13."
crop.cost_per_quintal,OBSERVED,5243,INR/quintal (C2),chickpea,,,"CACP/CCEA MSP, Rabi Marketing Season 2026-27 (PIB PRID 2173567)",https://www.pib.gov.in/PressReleasePage.aspx?PRID=2173567,2025,,,HIGH,"CACP cost of production, basis C2. Bases differ across seasons (kharif A2+FL vs rabi C2) and MUST NOT be mixed. cultivation_cost/ha = cost_per_quintal x yield_q_per_ha (DERIVED, pending consistent-basis yield)."
crop.msp_floor_per_kg,OBSERVED,62.0,INR/kg,mustard,,,"CACP/CCEA MSP, Rabi Marketing Season 2026-27 (PIB PRID 2173567)",https://www.pib.gov.in/PressReleasePage.aspx?PRID=2173567,2025,MSP Rs/quintal / 100,,HIGH,"Rapeseed & Mustard; C2 cost RMS 2025-26 (CACP). MSP is a NATIONAL POLICY FLOOR (RMS 2026-27), not the market price and not demand. Region-specific AGMARKNET market price remains a separate obligation. Access 2026-08-13."
crop.cost_per_quintal,OBSERVED,4294,INR/quintal (C2),mustard,,,"CACP/CCEA MSP, Rabi Marketing Season 2026-27 (PIB PRID 2173567)",https://www.pib.gov.in/PressReleasePage.aspx?PRID=2173567,2025,,,HIGH,"CACP cost of production, basis C2. Bases differ across seasons (kharif A2+FL vs rabi C2) and MUST NOT be mixed. cultivation_cost/ha = cost_per_quintal x yield_q_per_ha (DERIVED, pending consistent-basis yield)."
crop.price_per_kg,SYNTHETIC_EXPERIMENTAL,,INR/kg,potato,,,,,,,,REQUIRES_SOURCING,No MSP; AGMARKNET modal price required. Derive from AGMARKNET modal prices with a documented aggregation rule.
crop.price_per_kg,SYNTHETIC_EXPERIMENTAL,,INR/kg,onion,,,,,,,,REQUIRES_SOURCING,No MSP; AGMARKNET modal price required. Derive from AGMARKNET modal prices with a documented aggregation rule.
crop.price_per_kg,SYNTHETIC_EXPERIMENTAL,,INR/kg,tomato,,,,,,,,REQUIRES_SOURCING,No MSP; AGMARKNET modal price required. Derive from AGMARKNET modal prices with a documented aggregation rule.
crop.cultivation_cost_per_ha,SYNTHETIC_EXPERIMENTAL,,INR/ha,,,,,,,,,REQUIRES_SOURCING,"Will be DERIVED as cost_per_quintal x yield_q_per_ha once yield is sourced on a consistent CACP basis; not fabricated. Prefer DES Cost of Cultivation (A2+FL or C2, stated) over deriving from MSP cost."
crop.expected_yield,OBSERVED,"kharif 2825, rabi 3606",kg/ha,rice,,,"DES / Economic Survey 2025-26 Statistical Appendix, Table 1.17 (2024-25)",https://www.indiabudget.gov.in/economicsurvey/doc/stat/tab1.17.pdf,2024,season-split national yield,"Scope ALL_INDIA; applied uniformly across regions pending state refinement (R1->Punjab, R2->Maharashtra, R3->West Bengal, R4->Rajasthan, R5->Karnataka).",HIGH,
crop.cultivation_cost_per_ha,DERIVED,44607.0,INR/ha,rice,,kharif,CACP cost x DES yield (A2+FL basis),https://www.indiabudget.gov.in/economicsurvey/doc/stat/tab1.17.pdf,2024,1579 INR/q (A2+FL) x 28.25 q/ha,,MEDIUM,Cost basis differs kharif A2+FL vs rabi C2; not mixed within a crop-season.
crop.cultivation_cost_per_ha,DERIVED,56939.0,INR/ha,rice,,rabi,CACP cost x DES yield (A2+FL basis),https://www.indiabudget.gov.in/economicsurvey/doc/stat/tab1.17.pdf,2024,1579 INR/q (A2+FL) x 36.06 q/ha,,MEDIUM,Cost basis differs kharif A2+FL vs rabi C2; not mixed within a crop-season.
crop.expected_yield,OBSERVED,"kharif None, rabi 3595",kg/ha,wheat,,,"DES / Economic Survey 2025-26 Statistical Appendix, Table 1.17 (2024-25)",https://www.indiabudget.gov.in/economicsurvey/doc/stat/tab1.17.pdf,2024,season-split national yield,"Scope ALL_INDIA; applied uniformly across regions pending state refinement (R1->Punjab, R2->Maharashtra, R3->West Bengal, R4->Rajasthan, R5->Karnataka).",HIGH,
crop.cultivation_cost_per_ha,DERIVED,64854.0,INR/ha,wheat,,rabi,CACP cost x DES yield (C2 basis),https://www.indiabudget.gov.in/economicsurvey/doc/stat/tab1.17.pdf,2024,1804 INR/q (C2) x 35.95 q/ha,,MEDIUM,Cost basis differs kharif A2+FL vs rabi C2; not mixed within a crop-season.
crop.expected_yield,OBSERVED,"kharif 2932, rabi 5306",kg/ha,maize,,,"DES / Economic Survey 2025-26 Statistical Appendix, Table 1.17 (2024-25)",https://www.indiabudget.gov.in/economicsurvey/doc/stat/tab1.17.pdf,2024,season-split national yield,"Scope ALL_INDIA; applied uniformly across regions pending state refinement (R1->Punjab, R2->Maharashtra, R3->West Bengal, R4->Rajasthan, R5->Karnataka).",HIGH,
crop.cultivation_cost_per_ha,DERIVED,44215.0,INR/ha,maize,,kharif,CACP cost x DES yield (A2+FL basis),https://www.indiabudget.gov.in/economicsurvey/doc/stat/tab1.17.pdf,2024,1508 INR/q (A2+FL) x 29.32 q/ha,,MEDIUM,Cost basis differs kharif A2+FL vs rabi C2; not mixed within a crop-season.
crop.cultivation_cost_per_ha,DERIVED,80014.0,INR/ha,maize,,rabi,CACP cost x DES yield (A2+FL basis),https://www.indiabudget.gov.in/economicsurvey/doc/stat/tab1.17.pdf,2024,1508 INR/q (A2+FL) x 53.06 q/ha,,MEDIUM,Cost basis differs kharif A2+FL vs rabi C2; not mixed within a crop-season.
crop.expected_yield,OBSERVED,"kharif 1204, rabi 1266",kg/ha,sorghum,,,"DES / Economic Survey 2025-26 Statistical Appendix, Table 1.17 (2024-25)",https://www.indiabudget.gov.in/economicsurvey/doc/stat/tab1.17.pdf,2024,season-split national yield,"Scope ALL_INDIA; applied uniformly across regions pending state refinement (R1->Punjab, R2->Maharashtra, R3->West Bengal, R4->Rajasthan, R5->Karnataka).",HIGH,
crop.cultivation_cost_per_ha,DERIVED,29691.0,INR/ha,sorghum,,kharif,CACP cost x DES yield (A2+FL basis),https://www.indiabudget.gov.in/economicsurvey/doc/stat/tab1.17.pdf,2024,2466 INR/q (A2+FL) x 12.04 q/ha,,MEDIUM,Cost basis differs kharif A2+FL vs rabi C2; not mixed within a crop-season.
crop.cultivation_cost_per_ha,DERIVED,31220.0,INR/ha,sorghum,,rabi,CACP cost x DES yield (A2+FL basis),https://www.indiabudget.gov.in/economicsurvey/doc/stat/tab1.17.pdf,2024,2466 INR/q (A2+FL) x 12.66 q/ha,,MEDIUM,Cost basis differs kharif A2+FL vs rabi C2; not mixed within a crop-season.
crop.expected_yield,OBSERVED,"kharif 1459, rabi None",kg/ha,pearl_millet,,,"DES / Economic Survey 2025-26 Statistical Appendix, Table 1.17 (2024-25)",https://www.indiabudget.gov.in/economicsurvey/doc/stat/tab1.17.pdf,2024,season-split national yield,"Scope ALL_INDIA; applied uniformly across regions pending state refinement (R1->Punjab, R2->Maharashtra, R3->West Bengal, R4->Rajasthan, R5->Karnataka).",HIGH,
crop.cultivation_cost_per_ha,DERIVED,24847.0,INR/ha,pearl_millet,,kharif,CACP cost x DES yield (A2+FL basis),https://www.indiabudget.gov.in/economicsurvey/doc/stat/tab1.17.pdf,2024,1703 INR/q (A2+FL) x 14.59 q/ha,,MEDIUM,Cost basis differs kharif A2+FL vs rabi C2; not mixed within a crop-season.
crop.expected_yield,OBSERVED,"kharif None, rabi 1218",kg/ha,chickpea,,,"DES / Economic Survey 2025-26 Statistical Appendix, Table 1.17 (2024-25)",https://www.indiabudget.gov.in/economicsurvey/doc/stat/tab1.17.pdf,2024,season-split national yield,"Scope ALL_INDIA; applied uniformly across regions pending state refinement (R1->Punjab, R2->Maharashtra, R3->West Bengal, R4->Rajasthan, R5->Karnataka).",HIGH,
crop.cultivation_cost_per_ha,DERIVED,63860.0,INR/ha,chickpea,,rabi,CACP cost x DES yield (C2 basis),https://www.indiabudget.gov.in/economicsurvey/doc/stat/tab1.17.pdf,2024,5243 INR/q (C2) x 12.18 q/ha,,MEDIUM,Cost basis differs kharif A2+FL vs rabi C2; not mixed within a crop-season.
crop.expected_yield,OBSERVED,"kharif 836, rabi None",kg/ha,pigeon_pea,,,"DES / Economic Survey 2025-26 Statistical Appendix, Table 1.17 (2024-25)",https://www.indiabudget.gov.in/economicsurvey/doc/stat/tab1.17.pdf,2024,season-split national yield,"Scope ALL_INDIA; applied uniformly across regions pending state refinement (R1->Punjab, R2->Maharashtra, R3->West Bengal, R4->Rajasthan, R5->Karnataka).",HIGH,
crop.cultivation_cost_per_ha,DERIVED,42118.0,INR/ha,pigeon_pea,,kharif,CACP cost x DES yield (A2+FL basis),https://www.indiabudget.gov.in/economicsurvey/doc/stat/tab1.17.pdf,2024,5038 INR/q (A2+FL) x 8.36 q/ha,,MEDIUM,Cost basis differs kharif A2+FL vs rabi C2; not mixed within a crop-season.
crop.expected_yield,OBSERVED,"kharif 2080, rabi 2011",kg/ha,groundnut,,,"DES / Economic Survey 2025-26 Statistical Appendix, Table 1.17 (2024-25)",https://www.indiabudget.gov.in/economicsurvey/doc/stat/tab1.17.pdf,2024,season-split national yield,"Scope ALL_INDIA; applied uniformly across regions pending state refinement (R1->Punjab, R2->Maharashtra, R3->West Bengal, R4->Rajasthan, R5->Karnataka).",HIGH,
crop.cultivation_cost_per_ha,DERIVED,100714.0,INR/ha,groundnut,,kharif,CACP cost x DES yield (A2+FL basis),https://www.indiabudget.gov.in/economicsurvey/doc/stat/tab1.17.pdf,2024,4842 INR/q (A2+FL) x 20.80 q/ha,,MEDIUM,Cost basis differs kharif A2+FL vs rabi C2; not mixed within a crop-season.
crop.cultivation_cost_per_ha,DERIVED,97373.0,INR/ha,groundnut,,rabi,CACP cost x DES yield (A2+FL basis),https://www.indiabudget.gov.in/economicsurvey/doc/stat/tab1.17.pdf,2024,4842 INR/q (A2+FL) x 20.11 q/ha,,MEDIUM,Cost basis differs kharif A2+FL vs rabi C2; not mixed within a crop-season.
crop.expected_yield,OBSERVED,"kharif 1063, rabi None",kg/ha,soybean,,,"Soybean Processors Association of India (SOPA), kharif 2024",https://www.indiabudget.gov.in/economicsurvey/doc/stat/tab1.17.pdf,2024,season-split national yield,"Scope ALL_INDIA; applied uniformly across regions pending state refinement (R1->Punjab, R2->Maharashtra, R3->West Bengal, R4->Rajasthan, R5->Karnataka).",HIGH,
crop.cultivation_cost_per_ha,DERIVED,37758.0,INR/ha,soybean,,kharif,CACP cost x DES yield (A2+FL basis),https://www.indiabudget.gov.in/economicsurvey/doc/stat/tab1.17.pdf,2024,3552 INR/q (A2+FL) x 10.63 q/ha,,MEDIUM,Cost basis differs kharif A2+FL vs rabi C2; not mixed within a crop-season.
crop.expected_yield,OBSERVED,"kharif None, rabi 1463",kg/ha,mustard,,,"DES / Economic Survey 2025-26 Statistical Appendix, Table 1.17 (2024-25)",https://www.indiabudget.gov.in/economicsurvey/doc/stat/tab1.17.pdf,2024,season-split national yield,"Scope ALL_INDIA; applied uniformly across regions pending state refinement (R1->Punjab, R2->Maharashtra, R3->West Bengal, R4->Rajasthan, R5->Karnataka).",HIGH,
crop.cultivation_cost_per_ha,DERIVED,62821.0,INR/ha,mustard,,rabi,CACP cost x DES yield (C2 basis),https://www.indiabudget.gov.in/economicsurvey/doc/stat/tab1.17.pdf,2024,4294 INR/q (C2) x 14.63 q/ha,,MEDIUM,Cost basis differs kharif A2+FL vs rabi C2; not mixed within a crop-season.
crop.expected_yield,OBSERVED,"kharif 1257, rabi None",kg/ha,cotton,,,"DES / Economic Survey 2025-26 Statistical Appendix, Table 1.17 (2024-25)",https://www.indiabudget.gov.in/economicsurvey/doc/stat/tab1.17.pdf,2024,season-split national yield,"Scope ALL_INDIA; applied uniformly across regions pending state refinement (R1->Punjab, R2->Maharashtra, R3->West Bengal, R4->Rajasthan, R5->Karnataka).",HIGH,"Seed cotton (kapas) basis: lint 440 kg/ha (DES) / 0.35 ginning ratio = 1257 kg/ha kapas, consistent with seed-cotton MSP/cost. Ginning ratio 0.35 is an ICAR-typical value (documented assumption)."
crop.cultivation_cost_per_ha,DERIVED,64610.0,INR/ha,cotton,,kharif,CACP cost x DES yield (A2+FL basis),https://www.indiabudget.gov.in/economicsurvey/doc/stat/tab1.17.pdf,2024,5140 INR/q (A2+FL) x 12.57 q/ha,,MEDIUM,Cost basis differs kharif A2+FL vs rabi C2; not mixed within a crop-season.
crop.expected_yield,OBSERVED,"kharif None, rabi 25000",kg/ha,potato,,,"DES / Economic Survey 2025-26 Statistical Appendix, Table 1.17 (2024-25)",https://www.indiabudget.gov.in/economicsurvey/doc/stat/tab1.17.pdf,2024,season-split national yield,"Scope ALL_INDIA; applied uniformly across regions pending state refinement (R1->Punjab, R2->Maharashtra, R3->West Bengal, R4->Rajasthan, R5->Karnataka).",HIGH,"25 t/ha; potato has no MSP price, so return/cost still open."
crop.expected_yield,OBSERVED,"kharif 16800, rabi 16800",kg/ha,onion,,,NHB National Horticulture Database (2019),https://www.indiabudget.gov.in/economicsurvey/doc/stat/tab1.17.pdf,2024,season-split national yield,"Scope ALL_INDIA; applied uniformly across regions pending state refinement (R1->Punjab, R2->Maharashtra, R3->West Bengal, R4->Rajasthan, R5->Karnataka).",HIGH,16.8 t/ha national average (NHB 2019). Onion grown kharif/late-kharif/rabi; rabi ~60% of output. Still lacks sourced cost & market price -> not yet admitted.
crop.expected_yield,OBSERVED,"kharif 25000, rabi 25000",kg/ha,tomato,,,NHB Horticultural Statistics (production/area),https://www.indiabudget.gov.in/economicsurvey/doc/stat/tab1.17.pdf,2024,season-split national yield,"Scope ALL_INDIA; applied uniformly across regions pending state refinement (R1->Punjab, R2->Maharashtra, R3->West Bengal, R4->Rajasthan, R5->Karnataka).",HIGH,~25 t/ha national (derived NHB production/area). Lacks sourced cost & market price -> not yet admitted. Confidence LOW.
crop.expected_yield,OBSERVED,"kharif 4193, rabi None",kg/ha,rice,,,DES state APY series (via CEIC),https://www.ceicdata.com/en/india/yield-of-foodgrains-in-major-states-rice/agricultural-yield-foodgrains-rice-punjab,2023,state-level yield override,Scope STATE:Punjab; overrides national figure for the mapped region.,HIGH,Partial exhaustive-state refinement; continue via DES APY portal https://data.desagri.gov.in/website/crops-apy-report-web
crop.expected_yield,OBSERVED,"kharif None, rabi 5045",kg/ha,wheat,,,DES state APY series (via CEIC),https://www.ceicdata.com/en/india/agriculture-yield-foodgrains-by-major-states-wheat/agricultural-yield-foodgrains-wheat-punjab,2024,state-level yield override,Scope STATE:Punjab; overrides national figure for the mapped region.,HIGH,Partial exhaustive-state refinement; continue via DES APY portal https://data.desagri.gov.in/website/crops-apy-report-web
crop.labour_pd_ha,SYNTHETIC_GROUNDED,per-crop table,person-days/ha,,,,ICAR/SAU package-of-practices; DES Cost-of-Cultivation labour component,,,,Representative national human-labour requirement; not a single sourced state table. Refine with DES CoC per state.,MEDIUM,Used for deterministic labour feasibility.
crop.soil_suitability_matrix,SYNTHETIC_GROUNDED,preferred/unsuitable soils per crop,rule,,,,Standard Indian agronomy (ICAR crop production practices),,,,"Conservative: only clear agronomic mismatches marked unsuitable (e.g. cotton on sandy, groundnut on heavy black soil). Documented.",MEDIUM,
crop.sowing_harvest_windows,SYNTHETIC_GROUNDED,kharif sow Jun-Jul/harvest Oct-Nov; rabi sow Oct-Nov/harvest Feb-Apr,month range,,,,Standard Indian kharif/rabi crop calendar,,,,Season-level windows; crop-specific durations from FAO-56 already stored.,MEDIUM,
crop.market_absorption_proxy,SYNTHETIC_GROUNDED,per-crop 0-1 index,index,,,,Relative national production/throughput ordering (DES production statistics),https://www.indiabudget.gov.in/economicsurvey/,,Normalised relative throughput ordering,"Index values are judgement-assigned from national production ordering, NOT computed from mandi arrivals. A PROXY for market-clearing capacity, explicitly NOT observed demand; used only to penalise oversupply vs typical throughput.",LOW,"This is a proxy, NOT demand and NOT observed. Never call it demand. Refine with AGMARKNET arrivals + processing capacity."
crop.yield_response_factor_ky,OBSERVED,1.09,Ky (dimensionless),rice,,,"FAO Irrigation & Drainage Paper 33 (Doorenbos & Kassam, 1979)",https://www.fao.org/3/x5648e/x5648e00.htm,1979,,,MEDIUM,Seasonal yield response to water deficit; used as a sensitivity parameter.
crop.yield_response_factor_ky,OBSERVED,1.05,Ky (dimensionless),wheat,,,"FAO Irrigation & Drainage Paper 33 (Doorenbos & Kassam, 1979)",https://www.fao.org/3/x5648e/x5648e00.htm,1979,,,MEDIUM,Seasonal yield response to water deficit; used as a sensitivity parameter.
crop.yield_response_factor_ky,OBSERVED,1.25,Ky (dimensionless),maize,,,"FAO Irrigation & Drainage Paper 33 (Doorenbos & Kassam, 1979)",https://www.fao.org/3/x5648e/x5648e00.htm,1979,,,MEDIUM,Seasonal yield response to water deficit; used as a sensitivity parameter.
crop.yield_response_factor_ky,OBSERVED,0.9,Ky (dimensionless),sorghum,,,"FAO Irrigation & Drainage Paper 33 (Doorenbos & Kassam, 1979)",https://www.fao.org/3/x5648e/x5648e00.htm,1979,,,MEDIUM,Seasonal yield response to water deficit; used as a sensitivity parameter.
crop.yield_response_factor_ky,OBSERVED,0.7,Ky (dimensionless),groundnut,,,"FAO Irrigation & Drainage Paper 33 (Doorenbos & Kassam, 1979)",https://www.fao.org/3/x5648e/x5648e00.htm,1979,,,MEDIUM,Seasonal yield response to water deficit; used as a sensitivity parameter.
crop.yield_response_factor_ky,OBSERVED,0.85,Ky (dimensionless),soybean,,,"FAO Irrigation & Drainage Paper 33 (Doorenbos & Kassam, 1979)",https://www.fao.org/3/x5648e/x5648e00.htm,1979,,,MEDIUM,Seasonal yield response to water deficit; used as a sensitivity parameter.
crop.yield_response_factor_ky,OBSERVED,0.85,Ky (dimensionless),cotton,,,"FAO Irrigation & Drainage Paper 33 (Doorenbos & Kassam, 1979)",https://www.fao.org/3/x5648e/x5648e00.htm,1979,,,MEDIUM,Seasonal yield response to water deficit; used as a sensitivity parameter.
crop.yield_response_factor_ky,OBSERVED,1.1,Ky (dimensionless),potato,,,"FAO Irrigation & Drainage Paper 33 (Doorenbos & Kassam, 1979)",https://www.fao.org/3/x5648e/x5648e00.htm,1979,,,MEDIUM,Seasonal yield response to water deficit; used as a sensitivity parameter.
crop.yield_response_factor_ky,OBSERVED,1.1,Ky (dimensionless),onion,,,"FAO Irrigation & Drainage Paper 33 (Doorenbos & Kassam, 1979)",https://www.fao.org/3/x5648e/x5648e00.htm,1979,,,MEDIUM,Seasonal yield response to water deficit; used as a sensitivity parameter.
crop.yield_response_factor_ky,OBSERVED,1.05,Ky (dimensionless),tomato,,,"FAO Irrigation & Drainage Paper 33 (Doorenbos & Kassam, 1979)",https://www.fao.org/3/x5648e/x5648e00.htm,1979,,,MEDIUM,Seasonal yield response to water deficit; used as a sensitivity parameter.
crop.yield_response_factor_ky,SYNTHETIC_EXPERIMENTAL,,Ky (dimensionless),pearl_millet,,,,,,,,REQUIRES_SOURCING,"No FAO-33 Ky; handled as an experimental scenario parameter (default 1.0), varied in sensitivity analysis per project directive."
crop.yield_response_factor_ky,SYNTHETIC_EXPERIMENTAL,,Ky (dimensionless),chickpea,,,,,,,,REQUIRES_SOURCING,"No FAO-33 Ky; handled as an experimental scenario parameter (default 1.0), varied in sensitivity analysis per project directive."
crop.yield_response_factor_ky,SYNTHETIC_EXPERIMENTAL,,Ky (dimensionless),pigeon_pea,,,,,,,,REQUIRES_SOURCING,"No FAO-33 Ky; handled as an experimental scenario parameter (default 1.0), varied in sensitivity analysis per project directive."
crop.yield_response_factor_ky,SYNTHETIC_EXPERIMENTAL,,Ky (dimensionless),mustard,,,,,,,,REQUIRES_SOURCING,"No FAO-33 Ky; handled as an experimental scenario parameter (default 1.0), varied in sensitivity analysis per project directive."
market.aggregation_protocol,SYNTHETIC_GROUNDED,"window=trailing 3 marketing years, monthly modal prices; mandi_selection=principal producing state APMC(s), mapped to region via REGION_STATE; central_tendency=season median of monthly modal prices; outliers=drop beyond 3x IQR before median; missing=carry-forward last valid month; flag if >30% missing; units=AGMARKNET Rs/quintal -> Rs/kg (÷100)",protocol,,,,AGMARKNET methodology (documented),https://agmarknet.gov.in/,,,Protocol defined; per-crop×region series not yet ingested (not machine-fetchable here).,MEDIUM,"MSP remains a labelled policy-floor reference, never the observed market price."
crop.market_price_per_kg,SYNTHETIC_GROUNDED,18.0,INR/kg,onion,,,Representative wholesale annual average (pending AGMARKNET series),https://agmarknet.gov.in/,,,Representative wholesale annual average; provisional pending AGMARKNET series under the documented protocol.,LOW,Vegetables have no MSP; this is the operational price. Refine with AGMARKNET.
crop.market_price_per_kg,SYNTHETIC_GROUNDED,15.0,INR/kg,tomato,,,Representative wholesale annual average (pending AGMARKNET series),https://agmarknet.gov.in/,,,Representative wholesale annual average; provisional pending AGMARKNET series under the documented protocol.,LOW,Vegetables have no MSP; this is the operational price. Refine with AGMARKNET.
crop.market_price_per_kg,SYNTHETIC_GROUNDED,11.0,INR/kg,potato,,,Representative wholesale annual average (pending AGMARKNET series),https://agmarknet.gov.in/,,,Representative wholesale annual average; provisional pending AGMARKNET series under the documented protocol.,LOW,Vegetables have no MSP; this is the operational price. Refine with AGMARKNET.
crop.market_price_per_kg,SYNTHETIC_EXPERIMENTAL,,INR/kg,,,,,,,,,REQUIRES_SOURCING,Grain/pulse/oilseed operational market prices via AGMARKNET (documented protocol) remain to be ingested for the FINAL experiment; MSP is the reference anchor meanwhile.
crop.expected_yield,SYNTHETIC_EXPERIMENTAL,,kg/ha,rice,,,,,,,,REQUIRES_SOURCING,PLANNED SOURCE: GoI DES — Agricultural Statistics at a Glance / district-season yield. DERIVATION: Use district- or state-and-season-specific yield where available; do NOT fall back to national yield when finer data exists. Record year + geography.
crop.cultivation_cost,SYNTHETIC_EXPERIMENTAL,,currency/ha,rice,,,,,,,,REQUIRES_SOURCING,PLANNED SOURCE: GoI DES — Cost of Cultivation / Cultivation Practices surveys (CACP CoC). DERIVATION: Use paid-out cost (A2) or A2+FL per study design; state which. State/season specific.
crop.price,SYNTHETIC_EXPERIMENTAL,,currency/kg,rice,,,,,,,,REQUIRES_SOURCING,"PLANNED SOURCE: AGMARKNET modal mandi price (MSP from CACP for MSP-notified crops as a floor anchor). DERIVATION: Derive representative price from historical modal prices via a documented aggregation rule (e.g. season-median of monthly modal prices over N years, specified market set). Do NOT invent from a range. For MSP crops, record MSP separately as a policy floor, not as the market price."
crop.price_variability,SYNTHETIC_EXPERIMENTAL,,coefficient of variation,rice,,,,,,,,REQUIRES_SOURCING,PLANNED SOURCE: AGMARKNET price series. DERIVATION: CV of the same aggregated price series used for `price`. Document window.
crop.market_absorption_proxy,SYNTHETIC_EXPERIMENTAL,,index (labelled proxy),rice,,,,,,,,REQUIRES_SOURCING,"PLANNED SOURCE: AGMARKNET arrivals + processing/consumption studies. DERIVATION: EXPLICITLY a proxy for market-clearing capacity, NOT demand. Derive from arrivals capacity with a documented transformation; never label arrivals 'demand'."
crop.labour_requirement,SYNTHETIC_EXPERIMENTAL,,person-days/ha,rice,,,,,,,,REQUIRES_SOURCING,PLANNED SOURCE: ICAR / SAU package-of-practices; DES CoC labour component. DERIVATION: Crop-and-operation specific; state/season where available.
crop.drought_sensitivity,SYNTHETIC_EXPERIMENTAL,,yield-response index,rice,,,,,,,,REQUIRES_SOURCING,"PLANNED SOURCE: ICAR / peer-reviewed water-stress response (FAO-33 Ky as fallback). DERIVATION: Prefer crop-specific Ky (yield response factor) from FAO-33 or ICAR trials. If defensible crop-specific values are unavailable, represent the shock via documented experimental scenario parameters + sensitivity analysis rather than pretending a coefficient is observed. (spec directive)"
crop.heat_sensitivity,SYNTHETIC_EXPERIMENTAL,,yield-response index,rice,,,,,,,,REQUIRES_SOURCING,"PLANNED SOURCE: ICAR / peer-reviewed heat-stress studies. DERIVATION: Same rule as drought_sensitivity: sourced Ky-style value, or explicit experimental scenario parameter — never a fabricated observed coefficient."
crop.waterlogging_sensitivity,SYNTHETIC_EXPERIMENTAL,,yield-response index,rice,,,,,,,,REQUIRES_SOURCING,PLANNED SOURCE: ICAR / peer-reviewed waterlogging studies. DERIVATION: Same rule; many crops lack defensible values -> likely scenario parameter.
crop.expected_yield,SYNTHETIC_EXPERIMENTAL,,kg/ha,wheat,,,,,,,,REQUIRES_SOURCING,PLANNED SOURCE: GoI DES — Agricultural Statistics at a Glance / district-season yield. DERIVATION: Use district- or state-and-season-specific yield where available; do NOT fall back to national yield when finer data exists. Record year + geography.
crop.cultivation_cost,SYNTHETIC_EXPERIMENTAL,,currency/ha,wheat,,,,,,,,REQUIRES_SOURCING,PLANNED SOURCE: GoI DES — Cost of Cultivation / Cultivation Practices surveys (CACP CoC). DERIVATION: Use paid-out cost (A2) or A2+FL per study design; state which. State/season specific.
crop.price,SYNTHETIC_EXPERIMENTAL,,currency/kg,wheat,,,,,,,,REQUIRES_SOURCING,"PLANNED SOURCE: AGMARKNET modal mandi price (MSP from CACP for MSP-notified crops as a floor anchor). DERIVATION: Derive representative price from historical modal prices via a documented aggregation rule (e.g. season-median of monthly modal prices over N years, specified market set). Do NOT invent from a range. For MSP crops, record MSP separately as a policy floor, not as the market price."
crop.price_variability,SYNTHETIC_EXPERIMENTAL,,coefficient of variation,wheat,,,,,,,,REQUIRES_SOURCING,PLANNED SOURCE: AGMARKNET price series. DERIVATION: CV of the same aggregated price series used for `price`. Document window.
crop.market_absorption_proxy,SYNTHETIC_EXPERIMENTAL,,index (labelled proxy),wheat,,,,,,,,REQUIRES_SOURCING,"PLANNED SOURCE: AGMARKNET arrivals + processing/consumption studies. DERIVATION: EXPLICITLY a proxy for market-clearing capacity, NOT demand. Derive from arrivals capacity with a documented transformation; never label arrivals 'demand'."
crop.labour_requirement,SYNTHETIC_EXPERIMENTAL,,person-days/ha,wheat,,,,,,,,REQUIRES_SOURCING,PLANNED SOURCE: ICAR / SAU package-of-practices; DES CoC labour component. DERIVATION: Crop-and-operation specific; state/season where available.
crop.drought_sensitivity,SYNTHETIC_EXPERIMENTAL,,yield-response index,wheat,,,,,,,,REQUIRES_SOURCING,"PLANNED SOURCE: ICAR / peer-reviewed water-stress response (FAO-33 Ky as fallback). DERIVATION: Prefer crop-specific Ky (yield response factor) from FAO-33 or ICAR trials. If defensible crop-specific values are unavailable, represent the shock via documented experimental scenario parameters + sensitivity analysis rather than pretending a coefficient is observed. (spec directive)"
crop.heat_sensitivity,SYNTHETIC_EXPERIMENTAL,,yield-response index,wheat,,,,,,,,REQUIRES_SOURCING,"PLANNED SOURCE: ICAR / peer-reviewed heat-stress studies. DERIVATION: Same rule as drought_sensitivity: sourced Ky-style value, or explicit experimental scenario parameter — never a fabricated observed coefficient."
crop.waterlogging_sensitivity,SYNTHETIC_EXPERIMENTAL,,yield-response index,wheat,,,,,,,,REQUIRES_SOURCING,PLANNED SOURCE: ICAR / peer-reviewed waterlogging studies. DERIVATION: Same rule; many crops lack defensible values -> likely scenario parameter.
crop.expected_yield,SYNTHETIC_EXPERIMENTAL,,kg/ha,maize,,,,,,,,REQUIRES_SOURCING,PLANNED SOURCE: GoI DES — Agricultural Statistics at a Glance / district-season yield. DERIVATION: Use district- or state-and-season-specific yield where available; do NOT fall back to national yield when finer data exists. Record year + geography.
crop.cultivation_cost,SYNTHETIC_EXPERIMENTAL,,currency/ha,maize,,,,,,,,REQUIRES_SOURCING,PLANNED SOURCE: GoI DES — Cost of Cultivation / Cultivation Practices surveys (CACP CoC). DERIVATION: Use paid-out cost (A2) or A2+FL per study design; state which. State/season specific.
crop.price,SYNTHETIC_EXPERIMENTAL,,currency/kg,maize,,,,,,,,REQUIRES_SOURCING,"PLANNED SOURCE: AGMARKNET modal mandi price (MSP from CACP for MSP-notified crops as a floor anchor). DERIVATION: Derive representative price from historical modal prices via a documented aggregation rule (e.g. season-median of monthly modal prices over N years, specified market set). Do NOT invent from a range. For MSP crops, record MSP separately as a policy floor, not as the market price."
crop.price_variability,SYNTHETIC_EXPERIMENTAL,,coefficient of variation,maize,,,,,,,,REQUIRES_SOURCING,PLANNED SOURCE: AGMARKNET price series. DERIVATION: CV of the same aggregated price series used for `price`. Document window.
crop.market_absorption_proxy,SYNTHETIC_EXPERIMENTAL,,index (labelled proxy),maize,,,,,,,,REQUIRES_SOURCING,"PLANNED SOURCE: AGMARKNET arrivals + processing/consumption studies. DERIVATION: EXPLICITLY a proxy for market-clearing capacity, NOT demand. Derive from arrivals capacity with a documented transformation; never label arrivals 'demand'."
crop.labour_requirement,SYNTHETIC_EXPERIMENTAL,,person-days/ha,maize,,,,,,,,REQUIRES_SOURCING,PLANNED SOURCE: ICAR / SAU package-of-practices; DES CoC labour component. DERIVATION: Crop-and-operation specific; state/season where available.
crop.drought_sensitivity,SYNTHETIC_EXPERIMENTAL,,yield-response index,maize,,,,,,,,REQUIRES_SOURCING,"PLANNED SOURCE: ICAR / peer-reviewed water-stress response (FAO-33 Ky as fallback). DERIVATION: Prefer crop-specific Ky (yield response factor) from FAO-33 or ICAR trials. If defensible crop-specific values are unavailable, represent the shock via documented experimental scenario parameters + sensitivity analysis rather than pretending a coefficient is observed. (spec directive)"
crop.heat_sensitivity,SYNTHETIC_EXPERIMENTAL,,yield-response index,maize,,,,,,,,REQUIRES_SOURCING,"PLANNED SOURCE: ICAR / peer-reviewed heat-stress studies. DERIVATION: Same rule as drought_sensitivity: sourced Ky-style value, or explicit experimental scenario parameter — never a fabricated observed coefficient."
crop.waterlogging_sensitivity,SYNTHETIC_EXPERIMENTAL,,yield-response index,maize,,,,,,,,REQUIRES_SOURCING,PLANNED SOURCE: ICAR / peer-reviewed waterlogging studies. DERIVATION: Same rule; many crops lack defensible values -> likely scenario parameter.
crop.expected_yield,SYNTHETIC_EXPERIMENTAL,,kg/ha,sorghum,,,,,,,,REQUIRES_SOURCING,PLANNED SOURCE: GoI DES — Agricultural Statistics at a Glance / district-season yield. DERIVATION: Use district- or state-and-season-specific yield where available; do NOT fall back to national yield when finer data exists. Record year + geography.
crop.cultivation_cost,SYNTHETIC_EXPERIMENTAL,,currency/ha,sorghum,,,,,,,,REQUIRES_SOURCING,PLANNED SOURCE: GoI DES — Cost of Cultivation / Cultivation Practices surveys (CACP CoC). DERIVATION: Use paid-out cost (A2) or A2+FL per study design; state which. State/season specific.
crop.price,SYNTHETIC_EXPERIMENTAL,,currency/kg,sorghum,,,,,,,,REQUIRES_SOURCING,"PLANNED SOURCE: AGMARKNET modal mandi price (MSP from CACP for MSP-notified crops as a floor anchor). DERIVATION: Derive representative price from historical modal prices via a documented aggregation rule (e.g. season-median of monthly modal prices over N years, specified market set). Do NOT invent from a range. For MSP crops, record MSP separately as a policy floor, not as the market price."
crop.price_variability,SYNTHETIC_EXPERIMENTAL,,coefficient of variation,sorghum,,,,,,,,REQUIRES_SOURCING,PLANNED SOURCE: AGMARKNET price series. DERIVATION: CV of the same aggregated price series used for `price`. Document window.
crop.market_absorption_proxy,SYNTHETIC_EXPERIMENTAL,,index (labelled proxy),sorghum,,,,,,,,REQUIRES_SOURCING,"PLANNED SOURCE: AGMARKNET arrivals + processing/consumption studies. DERIVATION: EXPLICITLY a proxy for market-clearing capacity, NOT demand. Derive from arrivals capacity with a documented transformation; never label arrivals 'demand'."
crop.labour_requirement,SYNTHETIC_EXPERIMENTAL,,person-days/ha,sorghum,,,,,,,,REQUIRES_SOURCING,PLANNED SOURCE: ICAR / SAU package-of-practices; DES CoC labour component. DERIVATION: Crop-and-operation specific; state/season where available.
crop.drought_sensitivity,SYNTHETIC_EXPERIMENTAL,,yield-response index,sorghum,,,,,,,,REQUIRES_SOURCING,"PLANNED SOURCE: ICAR / peer-reviewed water-stress response (FAO-33 Ky as fallback). DERIVATION: Prefer crop-specific Ky (yield response factor) from FAO-33 or ICAR trials. If defensible crop-specific values are unavailable, represent the shock via documented experimental scenario parameters + sensitivity analysis rather than pretending a coefficient is observed. (spec directive)"
crop.heat_sensitivity,SYNTHETIC_EXPERIMENTAL,,yield-response index,sorghum,,,,,,,,REQUIRES_SOURCING,"PLANNED SOURCE: ICAR / peer-reviewed heat-stress studies. DERIVATION: Same rule as drought_sensitivity: sourced Ky-style value, or explicit experimental scenario parameter — never a fabricated observed coefficient."
crop.waterlogging_sensitivity,SYNTHETIC_EXPERIMENTAL,,yield-response index,sorghum,,,,,,,,REQUIRES_SOURCING,PLANNED SOURCE: ICAR / peer-reviewed waterlogging studies. DERIVATION: Same rule; many crops lack defensible values -> likely scenario parameter.
crop.expected_yield,SYNTHETIC_EXPERIMENTAL,,kg/ha,pearl_millet,,,,,,,,REQUIRES_SOURCING,PLANNED SOURCE: GoI DES — Agricultural Statistics at a Glance / district-season yield. DERIVATION: Use district- or state-and-season-specific yield where available; do NOT fall back to national yield when finer data exists. Record year + geography.
crop.cultivation_cost,SYNTHETIC_EXPERIMENTAL,,currency/ha,pearl_millet,,,,,,,,REQUIRES_SOURCING,PLANNED SOURCE: GoI DES — Cost of Cultivation / Cultivation Practices surveys (CACP CoC). DERIVATION: Use paid-out cost (A2) or A2+FL per study design; state which. State/season specific.
crop.price,SYNTHETIC_EXPERIMENTAL,,currency/kg,pearl_millet,,,,,,,,REQUIRES_SOURCING,"PLANNED SOURCE: AGMARKNET modal mandi price (MSP from CACP for MSP-notified crops as a floor anchor). DERIVATION: Derive representative price from historical modal prices via a documented aggregation rule (e.g. season-median of monthly modal prices over N years, specified market set). Do NOT invent from a range. For MSP crops, record MSP separately as a policy floor, not as the market price."
crop.price_variability,SYNTHETIC_EXPERIMENTAL,,coefficient of variation,pearl_millet,,,,,,,,REQUIRES_SOURCING,PLANNED SOURCE: AGMARKNET price series. DERIVATION: CV of the same aggregated price series used for `price`. Document window.
crop.market_absorption_proxy,SYNTHETIC_EXPERIMENTAL,,index (labelled proxy),pearl_millet,,,,,,,,REQUIRES_SOURCING,"PLANNED SOURCE: AGMARKNET arrivals + processing/consumption studies. DERIVATION: EXPLICITLY a proxy for market-clearing capacity, NOT demand. Derive from arrivals capacity with a documented transformation; never label arrivals 'demand'."
crop.labour_requirement,SYNTHETIC_EXPERIMENTAL,,person-days/ha,pearl_millet,,,,,,,,REQUIRES_SOURCING,PLANNED SOURCE: ICAR / SAU package-of-practices; DES CoC labour component. DERIVATION: Crop-and-operation specific; state/season where available.
crop.drought_sensitivity,SYNTHETIC_EXPERIMENTAL,,yield-response index,pearl_millet,,,,,,,,REQUIRES_SOURCING,"PLANNED SOURCE: ICAR / peer-reviewed water-stress response (FAO-33 Ky as fallback). DERIVATION: Prefer crop-specific Ky (yield response factor) from FAO-33 or ICAR trials. If defensible crop-specific values are unavailable, represent the shock via documented experimental scenario parameters + sensitivity analysis rather than pretending a coefficient is observed. (spec directive)"
crop.heat_sensitivity,SYNTHETIC_EXPERIMENTAL,,yield-response index,pearl_millet,,,,,,,,REQUIRES_SOURCING,"PLANNED SOURCE: ICAR / peer-reviewed heat-stress studies. DERIVATION: Same rule as drought_sensitivity: sourced Ky-style value, or explicit experimental scenario parameter — never a fabricated observed coefficient."
crop.waterlogging_sensitivity,SYNTHETIC_EXPERIMENTAL,,yield-response index,pearl_millet,,,,,,,,REQUIRES_SOURCING,PLANNED SOURCE: ICAR / peer-reviewed waterlogging studies. DERIVATION: Same rule; many crops lack defensible values -> likely scenario parameter.
crop.expected_yield,SYNTHETIC_EXPERIMENTAL,,kg/ha,chickpea,,,,,,,,REQUIRES_SOURCING,PLANNED SOURCE: GoI DES — Agricultural Statistics at a Glance / district-season yield. DERIVATION: Use district- or state-and-season-specific yield where available; do NOT fall back to national yield when finer data exists. Record year + geography.
crop.cultivation_cost,SYNTHETIC_EXPERIMENTAL,,currency/ha,chickpea,,,,,,,,REQUIRES_SOURCING,PLANNED SOURCE: GoI DES — Cost of Cultivation / Cultivation Practices surveys (CACP CoC). DERIVATION: Use paid-out cost (A2) or A2+FL per study design; state which. State/season specific.
crop.price,SYNTHETIC_EXPERIMENTAL,,currency/kg,chickpea,,,,,,,,REQUIRES_SOURCING,"PLANNED SOURCE: AGMARKNET modal mandi price (MSP from CACP for MSP-notified crops as a floor anchor). DERIVATION: Derive representative price from historical modal prices via a documented aggregation rule (e.g. season-median of monthly modal prices over N years, specified market set). Do NOT invent from a range. For MSP crops, record MSP separately as a policy floor, not as the market price."
crop.price_variability,SYNTHETIC_EXPERIMENTAL,,coefficient of variation,chickpea,,,,,,,,REQUIRES_SOURCING,PLANNED SOURCE: AGMARKNET price series. DERIVATION: CV of the same aggregated price series used for `price`. Document window.
crop.market_absorption_proxy,SYNTHETIC_EXPERIMENTAL,,index (labelled proxy),chickpea,,,,,,,,REQUIRES_SOURCING,"PLANNED SOURCE: AGMARKNET arrivals + processing/consumption studies. DERIVATION: EXPLICITLY a proxy for market-clearing capacity, NOT demand. Derive from arrivals capacity with a documented transformation; never label arrivals 'demand'."
crop.labour_requirement,SYNTHETIC_EXPERIMENTAL,,person-days/ha,chickpea,,,,,,,,REQUIRES_SOURCING,PLANNED SOURCE: ICAR / SAU package-of-practices; DES CoC labour component. DERIVATION: Crop-and-operation specific; state/season where available.
crop.drought_sensitivity,SYNTHETIC_EXPERIMENTAL,,yield-response index,chickpea,,,,,,,,REQUIRES_SOURCING,"PLANNED SOURCE: ICAR / peer-reviewed water-stress response (FAO-33 Ky as fallback). DERIVATION: Prefer crop-specific Ky (yield response factor) from FAO-33 or ICAR trials. If defensible crop-specific values are unavailable, represent the shock via documented experimental scenario parameters + sensitivity analysis rather than pretending a coefficient is observed. (spec directive)"
crop.heat_sensitivity,SYNTHETIC_EXPERIMENTAL,,yield-response index,chickpea,,,,,,,,REQUIRES_SOURCING,"PLANNED SOURCE: ICAR / peer-reviewed heat-stress studies. DERIVATION: Same rule as drought_sensitivity: sourced Ky-style value, or explicit experimental scenario parameter — never a fabricated observed coefficient."
crop.waterlogging_sensitivity,SYNTHETIC_EXPERIMENTAL,,yield-response index,chickpea,,,,,,,,REQUIRES_SOURCING,PLANNED SOURCE: ICAR / peer-reviewed waterlogging studies. DERIVATION: Same rule; many crops lack defensible values -> likely scenario parameter.
crop.expected_yield,SYNTHETIC_EXPERIMENTAL,,kg/ha,pigeon_pea,,,,,,,,REQUIRES_SOURCING,PLANNED SOURCE: GoI DES — Agricultural Statistics at a Glance / district-season yield. DERIVATION: Use district- or state-and-season-specific yield where available; do NOT fall back to national yield when finer data exists. Record year + geography.
crop.cultivation_cost,SYNTHETIC_EXPERIMENTAL,,currency/ha,pigeon_pea,,,,,,,,REQUIRES_SOURCING,PLANNED SOURCE: GoI DES — Cost of Cultivation / Cultivation Practices surveys (CACP CoC). DERIVATION: Use paid-out cost (A2) or A2+FL per study design; state which. State/season specific.
crop.price,SYNTHETIC_EXPERIMENTAL,,currency/kg,pigeon_pea,,,,,,,,REQUIRES_SOURCING,"PLANNED SOURCE: AGMARKNET modal mandi price (MSP from CACP for MSP-notified crops as a floor anchor). DERIVATION: Derive representative price from historical modal prices via a documented aggregation rule (e.g. season-median of monthly modal prices over N years, specified market set). Do NOT invent from a range. For MSP crops, record MSP separately as a policy floor, not as the market price."
crop.price_variability,SYNTHETIC_EXPERIMENTAL,,coefficient of variation,pigeon_pea,,,,,,,,REQUIRES_SOURCING,PLANNED SOURCE: AGMARKNET price series. DERIVATION: CV of the same aggregated price series used for `price`. Document window.
crop.market_absorption_proxy,SYNTHETIC_EXPERIMENTAL,,index (labelled proxy),pigeon_pea,,,,,,,,REQUIRES_SOURCING,"PLANNED SOURCE: AGMARKNET arrivals + processing/consumption studies. DERIVATION: EXPLICITLY a proxy for market-clearing capacity, NOT demand. Derive from arrivals capacity with a documented transformation; never label arrivals 'demand'."
crop.labour_requirement,SYNTHETIC_EXPERIMENTAL,,person-days/ha,pigeon_pea,,,,,,,,REQUIRES_SOURCING,PLANNED SOURCE: ICAR / SAU package-of-practices; DES CoC labour component. DERIVATION: Crop-and-operation specific; state/season where available.
crop.drought_sensitivity,SYNTHETIC_EXPERIMENTAL,,yield-response index,pigeon_pea,,,,,,,,REQUIRES_SOURCING,"PLANNED SOURCE: ICAR / peer-reviewed water-stress response (FAO-33 Ky as fallback). DERIVATION: Prefer crop-specific Ky (yield response factor) from FAO-33 or ICAR trials. If defensible crop-specific values are unavailable, represent the shock via documented experimental scenario parameters + sensitivity analysis rather than pretending a coefficient is observed. (spec directive)"
crop.heat_sensitivity,SYNTHETIC_EXPERIMENTAL,,yield-response index,pigeon_pea,,,,,,,,REQUIRES_SOURCING,"PLANNED SOURCE: ICAR / peer-reviewed heat-stress studies. DERIVATION: Same rule as drought_sensitivity: sourced Ky-style value, or explicit experimental scenario parameter — never a fabricated observed coefficient."
crop.waterlogging_sensitivity,SYNTHETIC_EXPERIMENTAL,,yield-response index,pigeon_pea,,,,,,,,REQUIRES_SOURCING,PLANNED SOURCE: ICAR / peer-reviewed waterlogging studies. DERIVATION: Same rule; many crops lack defensible values -> likely scenario parameter.
crop.expected_yield,SYNTHETIC_EXPERIMENTAL,,kg/ha,groundnut,,,,,,,,REQUIRES_SOURCING,PLANNED SOURCE: GoI DES — Agricultural Statistics at a Glance / district-season yield. DERIVATION: Use district- or state-and-season-specific yield where available; do NOT fall back to national yield when finer data exists. Record year + geography.
crop.cultivation_cost,SYNTHETIC_EXPERIMENTAL,,currency/ha,groundnut,,,,,,,,REQUIRES_SOURCING,PLANNED SOURCE: GoI DES — Cost of Cultivation / Cultivation Practices surveys (CACP CoC). DERIVATION: Use paid-out cost (A2) or A2+FL per study design; state which. State/season specific.
crop.price,SYNTHETIC_EXPERIMENTAL,,currency/kg,groundnut,,,,,,,,REQUIRES_SOURCING,"PLANNED SOURCE: AGMARKNET modal mandi price (MSP from CACP for MSP-notified crops as a floor anchor). DERIVATION: Derive representative price from historical modal prices via a documented aggregation rule (e.g. season-median of monthly modal prices over N years, specified market set). Do NOT invent from a range. For MSP crops, record MSP separately as a policy floor, not as the market price."
crop.price_variability,SYNTHETIC_EXPERIMENTAL,,coefficient of variation,groundnut,,,,,,,,REQUIRES_SOURCING,PLANNED SOURCE: AGMARKNET price series. DERIVATION: CV of the same aggregated price series used for `price`. Document window.
crop.market_absorption_proxy,SYNTHETIC_EXPERIMENTAL,,index (labelled proxy),groundnut,,,,,,,,REQUIRES_SOURCING,"PLANNED SOURCE: AGMARKNET arrivals + processing/consumption studies. DERIVATION: EXPLICITLY a proxy for market-clearing capacity, NOT demand. Derive from arrivals capacity with a documented transformation; never label arrivals 'demand'."
crop.labour_requirement,SYNTHETIC_EXPERIMENTAL,,person-days/ha,groundnut,,,,,,,,REQUIRES_SOURCING,PLANNED SOURCE: ICAR / SAU package-of-practices; DES CoC labour component. DERIVATION: Crop-and-operation specific; state/season where available.
crop.drought_sensitivity,SYNTHETIC_EXPERIMENTAL,,yield-response index,groundnut,,,,,,,,REQUIRES_SOURCING,"PLANNED SOURCE: ICAR / peer-reviewed water-stress response (FAO-33 Ky as fallback). DERIVATION: Prefer crop-specific Ky (yield response factor) from FAO-33 or ICAR trials. If defensible crop-specific values are unavailable, represent the shock via documented experimental scenario parameters + sensitivity analysis rather than pretending a coefficient is observed. (spec directive)"
crop.heat_sensitivity,SYNTHETIC_EXPERIMENTAL,,yield-response index,groundnut,,,,,,,,REQUIRES_SOURCING,"PLANNED SOURCE: ICAR / peer-reviewed heat-stress studies. DERIVATION: Same rule as drought_sensitivity: sourced Ky-style value, or explicit experimental scenario parameter — never a fabricated observed coefficient."
crop.waterlogging_sensitivity,SYNTHETIC_EXPERIMENTAL,,yield-response index,groundnut,,,,,,,,REQUIRES_SOURCING,PLANNED SOURCE: ICAR / peer-reviewed waterlogging studies. DERIVATION: Same rule; many crops lack defensible values -> likely scenario parameter.
crop.expected_yield,SYNTHETIC_EXPERIMENTAL,,kg/ha,soybean,,,,,,,,REQUIRES_SOURCING,PLANNED SOURCE: GoI DES — Agricultural Statistics at a Glance / district-season yield. DERIVATION: Use district- or state-and-season-specific yield where available; do NOT fall back to national yield when finer data exists. Record year + geography.
crop.cultivation_cost,SYNTHETIC_EXPERIMENTAL,,currency/ha,soybean,,,,,,,,REQUIRES_SOURCING,PLANNED SOURCE: GoI DES — Cost of Cultivation / Cultivation Practices surveys (CACP CoC). DERIVATION: Use paid-out cost (A2) or A2+FL per study design; state which. State/season specific.
crop.price,SYNTHETIC_EXPERIMENTAL,,currency/kg,soybean,,,,,,,,REQUIRES_SOURCING,"PLANNED SOURCE: AGMARKNET modal mandi price (MSP from CACP for MSP-notified crops as a floor anchor). DERIVATION: Derive representative price from historical modal prices via a documented aggregation rule (e.g. season-median of monthly modal prices over N years, specified market set). Do NOT invent from a range. For MSP crops, record MSP separately as a policy floor, not as the market price."
crop.price_variability,SYNTHETIC_EXPERIMENTAL,,coefficient of variation,soybean,,,,,,,,REQUIRES_SOURCING,PLANNED SOURCE: AGMARKNET price series. DERIVATION: CV of the same aggregated price series used for `price`. Document window.
crop.market_absorption_proxy,SYNTHETIC_EXPERIMENTAL,,index (labelled proxy),soybean,,,,,,,,REQUIRES_SOURCING,"PLANNED SOURCE: AGMARKNET arrivals + processing/consumption studies. DERIVATION: EXPLICITLY a proxy for market-clearing capacity, NOT demand. Derive from arrivals capacity with a documented transformation; never label arrivals 'demand'."
crop.labour_requirement,SYNTHETIC_EXPERIMENTAL,,person-days/ha,soybean,,,,,,,,REQUIRES_SOURCING,PLANNED SOURCE: ICAR / SAU package-of-practices; DES CoC labour component. DERIVATION: Crop-and-operation specific; state/season where available.
crop.drought_sensitivity,SYNTHETIC_EXPERIMENTAL,,yield-response index,soybean,,,,,,,,REQUIRES_SOURCING,"PLANNED SOURCE: ICAR / peer-reviewed water-stress response (FAO-33 Ky as fallback). DERIVATION: Prefer crop-specific Ky (yield response factor) from FAO-33 or ICAR trials. If defensible crop-specific values are unavailable, represent the shock via documented experimental scenario parameters + sensitivity analysis rather than pretending a coefficient is observed. (spec directive)"
crop.heat_sensitivity,SYNTHETIC_EXPERIMENTAL,,yield-response index,soybean,,,,,,,,REQUIRES_SOURCING,"PLANNED SOURCE: ICAR / peer-reviewed heat-stress studies. DERIVATION: Same rule as drought_sensitivity: sourced Ky-style value, or explicit experimental scenario parameter — never a fabricated observed coefficient."
crop.waterlogging_sensitivity,SYNTHETIC_EXPERIMENTAL,,yield-response index,soybean,,,,,,,,REQUIRES_SOURCING,PLANNED SOURCE: ICAR / peer-reviewed waterlogging studies. DERIVATION: Same rule; many crops lack defensible values -> likely scenario parameter.
crop.expected_yield,SYNTHETIC_EXPERIMENTAL,,kg/ha,mustard,,,,,,,,REQUIRES_SOURCING,PLANNED SOURCE: GoI DES — Agricultural Statistics at a Glance / district-season yield. DERIVATION: Use district- or state-and-season-specific yield where available; do NOT fall back to national yield when finer data exists. Record year + geography.
crop.cultivation_cost,SYNTHETIC_EXPERIMENTAL,,currency/ha,mustard,,,,,,,,REQUIRES_SOURCING,PLANNED SOURCE: GoI DES — Cost of Cultivation / Cultivation Practices surveys (CACP CoC). DERIVATION: Use paid-out cost (A2) or A2+FL per study design; state which. State/season specific.
crop.price,SYNTHETIC_EXPERIMENTAL,,currency/kg,mustard,,,,,,,,REQUIRES_SOURCING,"PLANNED SOURCE: AGMARKNET modal mandi price (MSP from CACP for MSP-notified crops as a floor anchor). DERIVATION: Derive representative price from historical modal prices via a documented aggregation rule (e.g. season-median of monthly modal prices over N years, specified market set). Do NOT invent from a range. For MSP crops, record MSP separately as a policy floor, not as the market price."
crop.price_variability,SYNTHETIC_EXPERIMENTAL,,coefficient of variation,mustard,,,,,,,,REQUIRES_SOURCING,PLANNED SOURCE: AGMARKNET price series. DERIVATION: CV of the same aggregated price series used for `price`. Document window.
crop.market_absorption_proxy,SYNTHETIC_EXPERIMENTAL,,index (labelled proxy),mustard,,,,,,,,REQUIRES_SOURCING,"PLANNED SOURCE: AGMARKNET arrivals + processing/consumption studies. DERIVATION: EXPLICITLY a proxy for market-clearing capacity, NOT demand. Derive from arrivals capacity with a documented transformation; never label arrivals 'demand'."
crop.labour_requirement,SYNTHETIC_EXPERIMENTAL,,person-days/ha,mustard,,,,,,,,REQUIRES_SOURCING,PLANNED SOURCE: ICAR / SAU package-of-practices; DES CoC labour component. DERIVATION: Crop-and-operation specific; state/season where available.
crop.drought_sensitivity,SYNTHETIC_EXPERIMENTAL,,yield-response index,mustard,,,,,,,,REQUIRES_SOURCING,"PLANNED SOURCE: ICAR / peer-reviewed water-stress response (FAO-33 Ky as fallback). DERIVATION: Prefer crop-specific Ky (yield response factor) from FAO-33 or ICAR trials. If defensible crop-specific values are unavailable, represent the shock via documented experimental scenario parameters + sensitivity analysis rather than pretending a coefficient is observed. (spec directive)"
crop.heat_sensitivity,SYNTHETIC_EXPERIMENTAL,,yield-response index,mustard,,,,,,,,REQUIRES_SOURCING,"PLANNED SOURCE: ICAR / peer-reviewed heat-stress studies. DERIVATION: Same rule as drought_sensitivity: sourced Ky-style value, or explicit experimental scenario parameter — never a fabricated observed coefficient."
crop.waterlogging_sensitivity,SYNTHETIC_EXPERIMENTAL,,yield-response index,mustard,,,,,,,,REQUIRES_SOURCING,PLANNED SOURCE: ICAR / peer-reviewed waterlogging studies. DERIVATION: Same rule; many crops lack defensible values -> likely scenario parameter.
crop.expected_yield,SYNTHETIC_EXPERIMENTAL,,kg/ha,cotton,,,,,,,,REQUIRES_SOURCING,PLANNED SOURCE: GoI DES — Agricultural Statistics at a Glance / district-season yield. DERIVATION: Use district- or state-and-season-specific yield where available; do NOT fall back to national yield when finer data exists. Record year + geography.
crop.cultivation_cost,SYNTHETIC_EXPERIMENTAL,,currency/ha,cotton,,,,,,,,REQUIRES_SOURCING,PLANNED SOURCE: GoI DES — Cost of Cultivation / Cultivation Practices surveys (CACP CoC). DERIVATION: Use paid-out cost (A2) or A2+FL per study design; state which. State/season specific.
crop.price,SYNTHETIC_EXPERIMENTAL,,currency/kg,cotton,,,,,,,,REQUIRES_SOURCING,"PLANNED SOURCE: AGMARKNET modal mandi price (MSP from CACP for MSP-notified crops as a floor anchor). DERIVATION: Derive representative price from historical modal prices via a documented aggregation rule (e.g. season-median of monthly modal prices over N years, specified market set). Do NOT invent from a range. For MSP crops, record MSP separately as a policy floor, not as the market price."
crop.price_variability,SYNTHETIC_EXPERIMENTAL,,coefficient of variation,cotton,,,,,,,,REQUIRES_SOURCING,PLANNED SOURCE: AGMARKNET price series. DERIVATION: CV of the same aggregated price series used for `price`. Document window.
crop.market_absorption_proxy,SYNTHETIC_EXPERIMENTAL,,index (labelled proxy),cotton,,,,,,,,REQUIRES_SOURCING,"PLANNED SOURCE: AGMARKNET arrivals + processing/consumption studies. DERIVATION: EXPLICITLY a proxy for market-clearing capacity, NOT demand. Derive from arrivals capacity with a documented transformation; never label arrivals 'demand'."
crop.labour_requirement,SYNTHETIC_EXPERIMENTAL,,person-days/ha,cotton,,,,,,,,REQUIRES_SOURCING,PLANNED SOURCE: ICAR / SAU package-of-practices; DES CoC labour component. DERIVATION: Crop-and-operation specific; state/season where available.
crop.drought_sensitivity,SYNTHETIC_EXPERIMENTAL,,yield-response index,cotton,,,,,,,,REQUIRES_SOURCING,"PLANNED SOURCE: ICAR / peer-reviewed water-stress response (FAO-33 Ky as fallback). DERIVATION: Prefer crop-specific Ky (yield response factor) from FAO-33 or ICAR trials. If defensible crop-specific values are unavailable, represent the shock via documented experimental scenario parameters + sensitivity analysis rather than pretending a coefficient is observed. (spec directive)"
crop.heat_sensitivity,SYNTHETIC_EXPERIMENTAL,,yield-response index,cotton,,,,,,,,REQUIRES_SOURCING,"PLANNED SOURCE: ICAR / peer-reviewed heat-stress studies. DERIVATION: Same rule as drought_sensitivity: sourced Ky-style value, or explicit experimental scenario parameter — never a fabricated observed coefficient."
crop.waterlogging_sensitivity,SYNTHETIC_EXPERIMENTAL,,yield-response index,cotton,,,,,,,,REQUIRES_SOURCING,PLANNED SOURCE: ICAR / peer-reviewed waterlogging studies. DERIVATION: Same rule; many crops lack defensible values -> likely scenario parameter.
crop.expected_yield,SYNTHETIC_EXPERIMENTAL,,kg/ha,potato,,,,,,,,REQUIRES_SOURCING,PLANNED SOURCE: GoI DES — Agricultural Statistics at a Glance / district-season yield. DERIVATION: Use district- or state-and-season-specific yield where available; do NOT fall back to national yield when finer data exists. Record year + geography.
crop.cultivation_cost,SYNTHETIC_EXPERIMENTAL,,currency/ha,potato,,,,,,,,REQUIRES_SOURCING,PLANNED SOURCE: GoI DES — Cost of Cultivation / Cultivation Practices surveys (CACP CoC). DERIVATION: Use paid-out cost (A2) or A2+FL per study design; state which. State/season specific.
crop.price,SYNTHETIC_EXPERIMENTAL,,currency/kg,potato,,,,,,,,REQUIRES_SOURCING,"PLANNED SOURCE: AGMARKNET modal mandi price (MSP from CACP for MSP-notified crops as a floor anchor). DERIVATION: Derive representative price from historical modal prices via a documented aggregation rule (e.g. season-median of monthly modal prices over N years, specified market set). Do NOT invent from a range. For MSP crops, record MSP separately as a policy floor, not as the market price."
crop.price_variability,SYNTHETIC_EXPERIMENTAL,,coefficient of variation,potato,,,,,,,,REQUIRES_SOURCING,PLANNED SOURCE: AGMARKNET price series. DERIVATION: CV of the same aggregated price series used for `price`. Document window.
crop.market_absorption_proxy,SYNTHETIC_EXPERIMENTAL,,index (labelled proxy),potato,,,,,,,,REQUIRES_SOURCING,"PLANNED SOURCE: AGMARKNET arrivals + processing/consumption studies. DERIVATION: EXPLICITLY a proxy for market-clearing capacity, NOT demand. Derive from arrivals capacity with a documented transformation; never label arrivals 'demand'."
crop.labour_requirement,SYNTHETIC_EXPERIMENTAL,,person-days/ha,potato,,,,,,,,REQUIRES_SOURCING,PLANNED SOURCE: ICAR / SAU package-of-practices; DES CoC labour component. DERIVATION: Crop-and-operation specific; state/season where available.
crop.drought_sensitivity,SYNTHETIC_EXPERIMENTAL,,yield-response index,potato,,,,,,,,REQUIRES_SOURCING,"PLANNED SOURCE: ICAR / peer-reviewed water-stress response (FAO-33 Ky as fallback). DERIVATION: Prefer crop-specific Ky (yield response factor) from FAO-33 or ICAR trials. If defensible crop-specific values are unavailable, represent the shock via documented experimental scenario parameters + sensitivity analysis rather than pretending a coefficient is observed. (spec directive)"
crop.heat_sensitivity,SYNTHETIC_EXPERIMENTAL,,yield-response index,potato,,,,,,,,REQUIRES_SOURCING,"PLANNED SOURCE: ICAR / peer-reviewed heat-stress studies. DERIVATION: Same rule as drought_sensitivity: sourced Ky-style value, or explicit experimental scenario parameter — never a fabricated observed coefficient."
crop.waterlogging_sensitivity,SYNTHETIC_EXPERIMENTAL,,yield-response index,potato,,,,,,,,REQUIRES_SOURCING,PLANNED SOURCE: ICAR / peer-reviewed waterlogging studies. DERIVATION: Same rule; many crops lack defensible values -> likely scenario parameter.
crop.expected_yield,SYNTHETIC_EXPERIMENTAL,,kg/ha,onion,,,,,,,,REQUIRES_SOURCING,PLANNED SOURCE: GoI DES — Agricultural Statistics at a Glance / district-season yield. DERIVATION: Use district- or state-and-season-specific yield where available; do NOT fall back to national yield when finer data exists. Record year + geography.
crop.cultivation_cost,SYNTHETIC_EXPERIMENTAL,,currency/ha,onion,,,,,,,,REQUIRES_SOURCING,PLANNED SOURCE: GoI DES — Cost of Cultivation / Cultivation Practices surveys (CACP CoC). DERIVATION: Use paid-out cost (A2) or A2+FL per study design; state which. State/season specific.
crop.price,SYNTHETIC_EXPERIMENTAL,,currency/kg,onion,,,,,,,,REQUIRES_SOURCING,"PLANNED SOURCE: AGMARKNET modal mandi price (MSP from CACP for MSP-notified crops as a floor anchor). DERIVATION: Derive representative price from historical modal prices via a documented aggregation rule (e.g. season-median of monthly modal prices over N years, specified market set). Do NOT invent from a range. For MSP crops, record MSP separately as a policy floor, not as the market price."
crop.price_variability,SYNTHETIC_EXPERIMENTAL,,coefficient of variation,onion,,,,,,,,REQUIRES_SOURCING,PLANNED SOURCE: AGMARKNET price series. DERIVATION: CV of the same aggregated price series used for `price`. Document window.
crop.market_absorption_proxy,SYNTHETIC_EXPERIMENTAL,,index (labelled proxy),onion,,,,,,,,REQUIRES_SOURCING,"PLANNED SOURCE: AGMARKNET arrivals + processing/consumption studies. DERIVATION: EXPLICITLY a proxy for market-clearing capacity, NOT demand. Derive from arrivals capacity with a documented transformation; never label arrivals 'demand'."
crop.labour_requirement,SYNTHETIC_EXPERIMENTAL,,person-days/ha,onion,,,,,,,,REQUIRES_SOURCING,PLANNED SOURCE: ICAR / SAU package-of-practices; DES CoC labour component. DERIVATION: Crop-and-operation specific; state/season where available.
crop.drought_sensitivity,SYNTHETIC_EXPERIMENTAL,,yield-response index,onion,,,,,,,,REQUIRES_SOURCING,"PLANNED SOURCE: ICAR / peer-reviewed water-stress response (FAO-33 Ky as fallback). DERIVATION: Prefer crop-specific Ky (yield response factor) from FAO-33 or ICAR trials. If defensible crop-specific values are unavailable, represent the shock via documented experimental scenario parameters + sensitivity analysis rather than pretending a coefficient is observed. (spec directive)"
crop.heat_sensitivity,SYNTHETIC_EXPERIMENTAL,,yield-response index,onion,,,,,,,,REQUIRES_SOURCING,"PLANNED SOURCE: ICAR / peer-reviewed heat-stress studies. DERIVATION: Same rule as drought_sensitivity: sourced Ky-style value, or explicit experimental scenario parameter — never a fabricated observed coefficient."
crop.waterlogging_sensitivity,SYNTHETIC_EXPERIMENTAL,,yield-response index,onion,,,,,,,,REQUIRES_SOURCING,PLANNED SOURCE: ICAR / peer-reviewed waterlogging studies. DERIVATION: Same rule; many crops lack defensible values -> likely scenario parameter.
crop.expected_yield,SYNTHETIC_EXPERIMENTAL,,kg/ha,tomato,,,,,,,,REQUIRES_SOURCING,PLANNED SOURCE: GoI DES — Agricultural Statistics at a Glance / district-season yield. DERIVATION: Use district- or state-and-season-specific yield where available; do NOT fall back to national yield when finer data exists. Record year + geography.
crop.cultivation_cost,SYNTHETIC_EXPERIMENTAL,,currency/ha,tomato,,,,,,,,REQUIRES_SOURCING,PLANNED SOURCE: GoI DES — Cost of Cultivation / Cultivation Practices surveys (CACP CoC). DERIVATION: Use paid-out cost (A2) or A2+FL per study design; state which. State/season specific.
crop.price,SYNTHETIC_EXPERIMENTAL,,currency/kg,tomato,,,,,,,,REQUIRES_SOURCING,"PLANNED SOURCE: AGMARKNET modal mandi price (MSP from CACP for MSP-notified crops as a floor anchor). DERIVATION: Derive representative price from historical modal prices via a documented aggregation rule (e.g. season-median of monthly modal prices over N years, specified market set). Do NOT invent from a range. For MSP crops, record MSP separately as a policy floor, not as the market price."
crop.price_variability,SYNTHETIC_EXPERIMENTAL,,coefficient of variation,tomato,,,,,,,,REQUIRES_SOURCING,PLANNED SOURCE: AGMARKNET price series. DERIVATION: CV of the same aggregated price series used for `price`. Document window.
crop.market_absorption_proxy,SYNTHETIC_EXPERIMENTAL,,index (labelled proxy),tomato,,,,,,,,REQUIRES_SOURCING,"PLANNED SOURCE: AGMARKNET arrivals + processing/consumption studies. DERIVATION: EXPLICITLY a proxy for market-clearing capacity, NOT demand. Derive from arrivals capacity with a documented transformation; never label arrivals 'demand'."
crop.labour_requirement,SYNTHETIC_EXPERIMENTAL,,person-days/ha,tomato,,,,,,,,REQUIRES_SOURCING,PLANNED SOURCE: ICAR / SAU package-of-practices; DES CoC labour component. DERIVATION: Crop-and-operation specific; state/season where available.
crop.drought_sensitivity,SYNTHETIC_EXPERIMENTAL,,yield-response index,tomato,,,,,,,,REQUIRES_SOURCING,"PLANNED SOURCE: ICAR / peer-reviewed water-stress response (FAO-33 Ky as fallback). DERIVATION: Prefer crop-specific Ky (yield response factor) from FAO-33 or ICAR trials. If defensible crop-specific values are unavailable, represent the shock via documented experimental scenario parameters + sensitivity analysis rather than pretending a coefficient is observed. (spec directive)"
crop.heat_sensitivity,SYNTHETIC_EXPERIMENTAL,,yield-response index,tomato,,,,,,,,REQUIRES_SOURCING,"PLANNED SOURCE: ICAR / peer-reviewed heat-stress studies. DERIVATION: Same rule as drought_sensitivity: sourced Ky-style value, or explicit experimental scenario parameter — never a fabricated observed coefficient."
crop.waterlogging_sensitivity,SYNTHETIC_EXPERIMENTAL,,yield-response index,tomato,,,,,,,,REQUIRES_SOURCING,PLANNED SOURCE: ICAR / peer-reviewed waterlogging studies. DERIVATION: Same rule; many crops lack defensible values -> likely scenario parameter.
