relative_path,sha256,size_bytes
figures/BUILD.json,dbf47341c46842421680610ae7b33d5bba28de8139bfd31cb2e42f0f314084d2,1070
figures/figure_01_primary_workflow_cash.pdf,806a0356b2abbbd0b8e9bbf703fe718db004f84970cf6d342ab608217b6520e8,17322
figures/figure_01_primary_workflow_cash.png,5ee2c429ba02f1d8cc61e52fdc0cd47ce2b9e8d5bbeb649167c222ed94f0f7b8,152384
figures/figure_02_uncertainty_final_cash.pdf,7b5f13e1af732a892f62b8a401ebb4fb4211b7f687b193c3458211f555458027,15653
figures/figure_02_uncertainty_final_cash.png,80c92e56126e02a0011636f6342bbe2b87c1517bec8ae520efc362124261ff84,118361
figures/figure_03_epsilon_b3_cash.pdf,1c4a1a3153dda19b2144bd4c5ae207c271f13ab4fb79b325ba00e288b2a345bd,14020
figures/figure_03_epsilon_b3_cash.png,9a1ad84b1420c175d5cd48c2047132b9d727d2f9232141bcc64e60dcb20e6e5e,114803
figures/figure_04_lambda_final_cash.pdf,02349f03d5d07fb1395a3c5ad917d91b3c98da3317ae7ab9b902481244d95faf,16007
figures/figure_04_lambda_final_cash.png,a54e17b218c812f690c3a972a10e76a7c7f17df5ec0cea9fe41dd06ab3fda38b,84065
figures/figure_05_lambda_disruption.pdf,27273181c0e1f77761294e2a49c705502ca23dbd75b8123d271e5d96cb1a2903,14080
figures/figure_05_lambda_disruption.png,29b2559d08bfde0a3c781d8200c0bf27b298e1fbc86d37782a99890b3d75d25a,108885
figures/figure_06_alpha_final_cash.pdf,f6687d23d234d9d94599271b3e7c955ef083f997348cf967ec14f22b8370868c,17935
figures/figure_06_alpha_final_cash.png,0ef53e655e1e31eb55465d49597a9fb924d4e76bdf43869777fee56d0d57e44f,87998
figures/figure_07_alpha_max_lps.pdf,d8a16a4b34361fb0ebe10153d5261235fd81b5ab48845051616a654a1edff047,14631
figures/figure_07_alpha_max_lps.png,a9c6186d91840534f27800a2ca3a3360339aa0fda11a1b1b4ff3a14d0c85b80a,107883
figures/figure_08_action_final_cash.pdf,c3e21d0d011d4163933bdf66a3ba3e9660ffdcd2698db2dac14fba85f97f5bef,16182
figures/figure_08_action_final_cash.png,3bc4f76527e8202b3450ad680d08e8431deb4e8ec8d3be043b9bfd19b7c64a0e,79447
figures/figure_09_scalability_feasibility.pdf,d71a35a659d40a0638ccef4875a38cf5a2addde45706d1b90e63b9d44c46ef7b,14847
figures/figure_09_scalability_feasibility.png,d1ae9a7e87b7653f6a9731c82e947e1c91a14bab9465edda7c7971ea74ca1b48,105851
figures/figure_10_scalability_runtime.pdf,19000b27026f786d174678b53f6da6ef1004c4f2b4ef97d51de93b9466db4bff,14032
figures/figure_10_scalability_runtime.png,3483535e88446913751cf53605ae1c8d3ced9aa0c244b7b78c4347dff2eb648c,109938
MANIFEST.json,eaec4dfaac62e4f744833045aaf8202631debd959f0da4eab6d6f10291cf88a4,1593
manuscript_inputs/figure_index.json,432da150bad086fad2be817e592542ae24f787be4db6a047255f1829d6baa97b,5419
manuscript_inputs/manuscript_numbers.json,a3265bc93f30eac767d635020a68f8bc357d9ce036ac6a0e48c646fdea2491ff,152225
manuscript_inputs/manuscript_tables.md,11730e885302fc9adf75a40e651a41076ce0e73bd76445ed8e1a9f9dc2297a6a,7965
manuscript_inputs/reproducibility_statement.md,1ed15407f54d6eaa913126a6181a3cc33ce00c2184f3d8b830c4965d2ffb3007,3080
qa/action_scalability_consistency_check.json,0956def6110ae5b857063e7e6c476133740a408eb82dc35459e0324a373af1d9,323
qa/completion_check.json,32e55600b76d0cc1837fe412e717c8fb2a1ade556049e8b5b32d678630988871,755
qa/final_analysis_check.json,4b47e25583968128ca9bf729db7e88e3ea9c41f17243b1421c9791a73c841a3d,1169
qa/inference_consistency_check.json,ea4026182c905e2414687858819e01da47b425bc66bcf81e32bb4dfff3368262,556
qa/integrity_report.json,b6cb0d37261640a09235088f614a5221fda582b3b9f34a5f62b227fd17145565,783
qa/nonoptimal_cells.json,d28a115d6e8c2829bc43ee525e8bbf7c05ee8c2992e26b672011dcd2edfd21d4,68923
qa/primary_consistency_check.json,74d1746700953fd7bac3a2a326aa27e5fb9de6c1331d276f7bb110edaf8b377c,1100
qa/sensitivity_consistency_check.json,944066a0e9589241c0430bd805c8d0ad196092dbc0560e772006142c70a83d8e,286
qa/uncertainty_consistency_check.json,b2f280f619d190ab01b54b6acee05bd75957775f5ceae54f4660fa56f7e8c013,564
statistics/action_robustness_reliability.csv,7dd447779f89af66f31b7630167a475008ecc468b78a4a665cfee33f84f747fd,279
statistics/action_robustness_seed_level.csv,3f62daaa3e67834ffba406f5562512b1c5cb8f46e51d97b5d4050c214b086d72,11520
statistics/action_robustness_statistics.csv,855a039faf4aea050e445f042f320c891eae5a028c6485fd8890ea1d1a1c4d93,3730
statistics/alpha_reliability.csv,583a33c4a49269759642115a260412a17ffaa4087473cfb18998c073ca8f5f9b,409
statistics/alpha_seed_level.csv,9dd7843ff65d4153f0d567a6f8018ec62b73018150fc95af501f8f138cfa71a8,18948
statistics/alpha_statistics.csv,1c2234ab1908647d67c0de03f0aad8614fc0970606e08b507bbd7124af380d81,5051
statistics/bootstrap_confidence_intervals.csv,a0bf47ce902de46000e4068e905a7b4b3dd0de1990baa6a55b6277a4fdd70bf2,8772
statistics/epsilon_reliability.csv,e312c9e4b45ed0495ed9a5a8a9adbc366f596ca3f1995a3f1b0dbc11cf87b078,203
statistics/epsilon_seed_level.csv,679be82a2e248466ed8d420e822cab50b35fd33e12c4bc895a73e5f87b38ecac,8769
statistics/epsilon_statistics.csv,d4d2373496a0066e534a87bc2eef9b7794f938520c2d78d0067737e3aca22356,1999
statistics/lambda_reliability.csv,c8982b9664bee3f26fb7a0aa96f7cb4ba749a664a2d6ec7b1ff8ad78e62875f4,476
statistics/lambda_seed_level.csv,acf7edf0813838a24c9782b8ad7bf8df0affc47ba26cf351083f374a90bb16be,23120
statistics/lambda_statistics.csv,8cbe21e1618787d908fb6617cce59b1b8f98d30c88689300b5d45091b997e48f,5308
statistics/mcnemar_reliability_tests.csv,65df51bab64882fe6006e79527c039dd7ddf6a5807858327bc5b7b49a264d606,1509
statistics/paired_tests.csv,f0ab48e3b855b9f0b55a9112e2ef75a3ce61e52ba8045fd220f2e13a7a8d067a,1587
statistics/primary_seed_level.csv,b082cd52232b3d7cd7d6b8ec6a1b2ce50c54ef9868e24a4b03add466c3616497,6085
statistics/primary_statistics.csv,c5ac2741aa3115af3fc5ba604f3d52a63328af6e8dd4371e04141ad1eafe929f,1332
statistics/reliability_inference.csv,2a7b3f504ea6d5da33a29a9ce4c6a052182e2fd8c843acacd2d343d20f7b0a4a,4304
statistics/scalability_reliability.csv,6e258c0206287d6d729c83336f9b4cfd1ee826206165b401248d3c904b792609,674
statistics/scalability_seed_level.csv,6bad6d81146d53fa14830da1afa8215c593ef262c4faa15d05ba4cd42c87f0ce,25141
statistics/scalability_statistics.csv,9c477331de7676faa85eb648449335b8f89043f3d3d7a62c2b2cda7a2d3863db,5714
statistics/solver_reliability.csv,b6ebe488c3b6a0419b1ac20a6aa131fef74139dc4ee680c500311a28db5a420b,912
statistics/uncertainty_reliability.csv,cfcb429859d625d94d4359af8c6a2b6e8140ffd1ef36f5fc7a3927ff327446ff,579
statistics/uncertainty_seed_level.csv,113625dc0287c0ca70b0b98e0731fb21cbb70f6928841148778e335f0ba794dc,30401
statistics/uncertainty_statistics.csv,625e3b7f6275e2e2c1b96b49e61ff8d74db8994555d1b130e2eb05e2e57b0688,6414
summaries/action_scalability_summary.json,29ce8002d88ebe416e3cb5503e2b187dede43052b01e9e725e9ed3567acce469,32936
summaries/primary_summary.json,2b91d4e4c813095c522a90a427ab1a2eeefa368c055cbfd4fc12db33c0e9c42e,3894
summaries/sensitivity_summary.json,217fd0f65bf2fd7e66d2dedf298ff8743a849b2464d1419231561734c1859add,38960
summaries/statistical_inference_summary.json,136b2a774f7eaa6103b5b728f101db16f60acfc9f46d2fdb4fcbc2e39c0bd65c,51647
summaries/uncertainty_summary.json,a365da1b13278a62152e8105c29a3c54065a09133289dc95f291ffc4eadb17ba,19675
tables/table_action_robustness.csv,81a3fe22384f6320e8e3aa794933e816848093e464cd49fe0101330f3999a3da,256
tables/table_action_robustness.md,e65e879e1cbcbcba5e8543b63a93b234de1c17b81b6fc42402d9f591d4545924,449
tables/table_alpha_concentration.csv,699d817dc0e90319dc47c4915be052025c6f6557d6cc93c8a61e4a779117211a,345
tables/table_alpha_concentration.md,88f5d7028c6f409071f9ac4ecaec62a96e41c246c07b146eeb6afb49ea339785,529
tables/table_epsilon_sensitivity.csv,ba255724352661b3d3fca5733b62b4ce0e39058da136642fdf72e25821d8270b,304
tables/table_epsilon_sensitivity.md,767dce79cf50a91939c76aff06cb7cfec7fb0ee9af82ab3f7296a629d3189695,515
tables/table_lambda_stability.csv,d93da0e6a902da3d4749cf437a093085d147d82449952a3959a63c2656fb0423,407
tables/table_lambda_stability.md,eadd89ca27b87d36a13716d34d7a188574ae677f9267cbf3ef460c98c4b4ac87,604
tables/table_paired_tests.csv,469cd65b0041cede32cc6099337eddcff6aecccb272b7e58def6db5f361cb0ec,712
tables/table_paired_tests.md,49d7c8c3f10e634ffda85ad55e7d311c17a8a3f424693948348db4cedbc10c1e,974
tables/table_primary_results.csv,14e08de5ff8c0303be9894cc98c6e41e297d110e09904ca4c09aea2d5cf643a0,804
tables/table_primary_results.md,bc067175bdd4e3f20e730dd69c709edd424cea7c5064fb268bf3dddb39271838,1161
tables/table_scalability.csv,f9488bcfbef4165ac1ae848a51533c76d44e6d16894d5beadf7adce7aa90b304,328
tables/table_scalability.md,0e2c025b4f7f5ff5e0dd6e8180b9763107717a41f7c5faab4a0d879124b4d49c,622
tables/table_solver_reliability.csv,7f6883704d5ca9e3a8baf6b6a2d52eced5ee67c0a8eb3f2e4b105cc91ae5ffd3,1622
tables/table_solver_reliability.md,235eae1dd176b99dfb47d0d2b019acf17fbf33a16e09bcb54f0c4fe7ca00395f,2115
tables/table_uncertainty_results.csv,162c357cfb41cb6db3834ebd86ed00bb3fc097db4531408177825c521517c5bf,424
tables/table_uncertainty_results.md,33542c2d3bbc88b831653120d6c03fec1e91bf7c9cc9767e35daf710bfb1560a,678
