run_id,master_seed,instance_hash,farmer_id,plot_id,region_season,planned_crop,planned_cash_return,response,p_accept,response_draw,response_subseed,acceptance_provenance,realised_crop,realised_cash_return,status
p1_dev,20260812,5ea24037c2d9cb6a,F0001,F0001-P03,R2:kharif,onion,258775.0,ACCEPT,0.862,0.249229,1120031581,SYNTHETIC_EXPERIMENTAL,onion,258775.0,REALISED
p1_dev,20260812,5ea24037c2d9cb6a,F0003,F0003-P01,R3:kharif,rice,476.0,ACCEPT,0.804,0.743962,1120031581,SYNTHETIC_EXPERIMENTAL,rice,476.0,REALISED
p1_dev,20260812,5ea24037c2d9cb6a,F0004,F0004-P01,R1:kharif,maize,4873.0,ACCEPT,0.876,0.518751,1120031581,SYNTHETIC_EXPERIMENTAL,maize,4873.0,REALISED
p1_dev,20260812,5ea24037c2d9cb6a,F0005,F0005-P01,R2:kharif,soybean,3669.0,ACCEPT,0.878,0.378418,1120031581,SYNTHETIC_EXPERIMENTAL,soybean,3669.0,REALISED
p1_dev,20260812,5ea24037c2d9cb6a,F0005,F0005-P02,R2:kharif,onion,17844.0,ACCEPT,0.878,0.306885,1120031581,SYNTHETIC_EXPERIMENTAL,onion,17844.0,REALISED
p1_dev,20260812,5ea24037c2d9cb6a,F0006,F0006-P01,R1:kharif,maize,18705.0,ACCEPT,0.824,0.749078,1120031581,SYNTHETIC_EXPERIMENTAL,maize,18705.0,REALISED
p1_dev,20260812,5ea24037c2d9cb6a,F0007,F0007-P02,R1:kharif,maize,54285.0,ACCEPT,0.916,0.234715,1120031581,SYNTHETIC_EXPERIMENTAL,maize,54285.0,REALISED
p1_dev,20260812,5ea24037c2d9cb6a,F0010,F0010-P01,R5:kharif,soybean,5025.0,ACCEPT,0.808,0.071182,1120031581,SYNTHETIC_EXPERIMENTAL,soybean,5025.0,REALISED
p1_dev,20260812,5ea24037c2d9cb6a,F0012,F0012-P02,R1:kharif,maize,6540.0,ACCEPT,0.876,0.589064,1120031581,SYNTHETIC_EXPERIMENTAL,maize,6540.0,REALISED
p1_dev,20260812,5ea24037c2d9cb6a,F0013,F0013-P01,R5:kharif,maize,12695.0,ACCEPT,0.822,0.49783,1120031581,SYNTHETIC_EXPERIMENTAL,maize,12695.0,REALISED
p1_dev,20260812,5ea24037c2d9cb6a,F0015,F0015-P02,R2:kharif,soybean,935.0,ACCEPT,0.924,0.260546,1120031581,SYNTHETIC_EXPERIMENTAL,soybean,935.0,REALISED
p1_dev,20260812,5ea24037c2d9cb6a,F0017,F0017-P02,R5:kharif,onion,305486.0,ACCEPT,0.8,0.038356,1120031581,SYNTHETIC_EXPERIMENTAL,onion,305486.0,REALISED
p1_dev,20260812,5ea24037c2d9cb6a,F0017,F0017-P03,R5:kharif,onion,460890.0,REJECT,0.8,0.842936,1120031581,SYNTHETIC_EXPERIMENTAL,FALLOW_UNALLOCATED,0.0,REJECTED_FALLOW
p1_dev,20260812,5ea24037c2d9cb6a,F0017,F0017-P05,R5:kharif,onion,425966.0,ACCEPT,0.8,0.603733,1120031581,SYNTHETIC_EXPERIMENTAL,onion,425966.0,REALISED
p1_dev,20260812,5ea24037c2d9cb6a,F0018,F0018-P02,R5:kharif,onion,22720.0,ACCEPT,0.804,0.671025,1120031581,SYNTHETIC_EXPERIMENTAL,onion,22720.0,REALISED
p1_dev,20260812,5ea24037c2d9cb6a,F0019,F0019-P01,R3:kharif,rice,5030.0,ACCEPT,0.798,0.451167,1120031581,SYNTHETIC_EXPERIMENTAL,rice,5030.0,REALISED
p1_dev,20260812,5ea24037c2d9cb6a,F0020,F0020-P01,R5:kharif,sorghum,26958.0,ACCEPT,0.902,0.847512,1120031581,SYNTHETIC_EXPERIMENTAL,sorghum,26958.0,REALISED
p1_dev,20260812,5ea24037c2d9cb6a,F0020,F0020-P02,R5:kharif,sorghum,8504.0,ACCEPT,0.902,0.345495,1120031581,SYNTHETIC_EXPERIMENTAL,sorghum,8504.0,REALISED
p1_dev,20260812,5ea24037c2d9cb6a,F0025,F0025-P01,R5:kharif,maize,1042.0,REJECT,0.83,0.868932,1120031581,SYNTHETIC_EXPERIMENTAL,FALLOW_UNALLOCATED,0.0,REJECTED_FALLOW
p1_dev,20260812,5ea24037c2d9cb6a,F0027,F0027-P01,R1:kharif,maize,80577.0,ACCEPT,0.844,0.289259,1120031581,SYNTHETIC_EXPERIMENTAL,maize,80577.0,REALISED
p1_dev,20260812,5ea24037c2d9cb6a,F0027,F0027-P03,R1:kharif,maize,25704.0,ACCEPT,0.844,0.332242,1120031581,SYNTHETIC_EXPERIMENTAL,maize,25704.0,REALISED
p1_dev,20260812,5ea24037c2d9cb6a,F0030,F0030-P01,R1:kharif,maize,18019.0,REJECT,0.778,0.881962,1120031581,SYNTHETIC_EXPERIMENTAL,FALLOW_UNALLOCATED,0.0,REJECTED_FALLOW
p1_dev,20260812,5ea24037c2d9cb6a,F0030,F0030-P02,R1:kharif,maize,8764.0,ACCEPT,0.778,0.763588,1120031581,SYNTHETIC_EXPERIMENTAL,maize,8764.0,REALISED
p1_dev,20260812,5ea24037c2d9cb6a,F0031,F0031-P01,R5:kharif,sorghum,5124.0,ACCEPT,0.848,0.377558,1120031581,SYNTHETIC_EXPERIMENTAL,sorghum,5124.0,REALISED
p1_dev,20260812,5ea24037c2d9cb6a,F0031,F0031-P02,R5:kharif,maize,9754.0,REJECT,0.848,0.987996,1120031581,SYNTHETIC_EXPERIMENTAL,FALLOW_UNALLOCATED,0.0,REJECTED_FALLOW
p1_dev,20260812,5ea24037c2d9cb6a,F0031,F0031-P03,R5:kharif,maize,15822.0,ACCEPT,0.848,0.827233,1120031581,SYNTHETIC_EXPERIMENTAL,maize,15822.0,REALISED
p1_dev,20260812,5ea24037c2d9cb6a,F0033,F0033-P01,R1:kharif,maize,7391.0,ACCEPT,0.772,0.661458,1120031581,SYNTHETIC_EXPERIMENTAL,maize,7391.0,REALISED
p1_dev,20260812,5ea24037c2d9cb6a,F0035,F0035-P01,R3:kharif,rice,2824.0,ACCEPT,0.882,0.339444,1120031581,SYNTHETIC_EXPERIMENTAL,rice,2824.0,REALISED
p1_dev,20260812,5ea24037c2d9cb6a,F0035,F0035-P02,R3:kharif,rice,1670.0,ACCEPT,0.882,0.259812,1120031581,SYNTHETIC_EXPERIMENTAL,rice,1670.0,REALISED
p1_dev,20260812,5ea24037c2d9cb6a,F0037,F0037-P01,R3:kharif,rice,2468.0,ACCEPT,0.914,0.023935,1120031581,SYNTHETIC_EXPERIMENTAL,rice,2468.0,REALISED
p1_dev,20260812,5ea24037c2d9cb6a,F0038,F0038-P01,R5:kharif,pigeon_pea,29573.0,ACCEPT,0.874,0.715331,1120031581,SYNTHETIC_EXPERIMENTAL,pigeon_pea,29573.0,REALISED
p1_dev,20260812,5ea24037c2d9cb6a,F0038,F0038-P02,R5:kharif,onion,407791.0,ACCEPT,0.874,0.814764,1120031581,SYNTHETIC_EXPERIMENTAL,onion,407791.0,REALISED
p1_dev,20260812,5ea24037c2d9cb6a,F0039,F0039-P01,R1:kharif,maize,16416.0,ACCEPT,0.776,0.380714,1120031581,SYNTHETIC_EXPERIMENTAL,maize,16416.0,REALISED
p1_dev,20260812,5ea24037c2d9cb6a,F0040,F0040-P03,R2:kharif,soybean,11244.0,ACCEPT,0.908,0.465485,1120031581,SYNTHETIC_EXPERIMENTAL,soybean,11244.0,REALISED
p1_dev,20260812,5ea24037c2d9cb6a,F0041,F0041-P01,R4:kharif,groundnut,2645.0,ACCEPT,0.78,0.1642,1120031581,SYNTHETIC_EXPERIMENTAL,groundnut,2645.0,REALISED
p1_dev,20260812,5ea24037c2d9cb6a,F0042,F0042-P01,R1:kharif,maize,10301.0,ACCEPT,0.808,0.155353,1120031581,SYNTHETIC_EXPERIMENTAL,maize,10301.0,REALISED
p1_dev,20260812,5ea24037c2d9cb6a,F0043,F0043-P01,R2:kharif,onion,20084.0,ACCEPT,0.81,0.574832,1120031581,SYNTHETIC_EXPERIMENTAL,onion,20084.0,REALISED
p1_dev,20260812,5ea24037c2d9cb6a,F0045,F0045-P01,R2:kharif,soybean,1869.0,ACCEPT,0.908,0.213852,1120031581,SYNTHETIC_EXPERIMENTAL,soybean,1869.0,REALISED
p1_dev,20260812,5ea24037c2d9cb6a,F0047,F0047-P02,R1:kharif,maize,7031.0,ACCEPT,0.882,0.120115,1120031581,SYNTHETIC_EXPERIMENTAL,maize,7031.0,REALISED
p1_dev,20260812,5ea24037c2d9cb6a,F0048,F0048-P01,R3:kharif,rice,309.0,ACCEPT,0.828,0.385166,1120031581,SYNTHETIC_EXPERIMENTAL,rice,309.0,REALISED
p1_dev,20260812,5ea24037c2d9cb6a,F0049,F0049-P01,R2:kharif,soybean,5671.0,ACCEPT,0.892,0.753491,1120031581,SYNTHETIC_EXPERIMENTAL,soybean,5671.0,REALISED
p1_dev,20260812,5ea24037c2d9cb6a,F0050,F0050-P01,R5:kharif,maize,15785.0,ACCEPT,0.8,0.467826,1120031581,SYNTHETIC_EXPERIMENTAL,maize,15785.0,REALISED
p1_dev,20260812,5ea24037c2d9cb6a,F0050,F0050-P02,R5:kharif,maize,968.0,ACCEPT,0.8,0.021541,1120031581,SYNTHETIC_EXPERIMENTAL,maize,968.0,REALISED
p1_dev,20260812,5ea24037c2d9cb6a,F0050,F0050-P03,R5:kharif,onion,22460.0,ACCEPT,0.8,0.21058,1120031581,SYNTHETIC_EXPERIMENTAL,onion,22460.0,REALISED
p1_dev,20260812,5ea24037c2d9cb6a,F0051,F0051-P01,R5:kharif,sorghum,10610.0,REJECT,0.774,0.976637,1120031581,SYNTHETIC_EXPERIMENTAL,FALLOW_UNALLOCATED,0.0,REJECTED_FALLOW
p1_dev,20260812,5ea24037c2d9cb6a,F0055,F0055-P01,R5:kharif,sorghum,6476.0,ACCEPT,0.914,0.450787,1120031581,SYNTHETIC_EXPERIMENTAL,sorghum,6476.0,REALISED
p1_dev,20260812,5ea24037c2d9cb6a,F0056,F0056-P02,R3:kharif,rice,584.0,ACCEPT,0.92,0.482989,1120031581,SYNTHETIC_EXPERIMENTAL,rice,584.0,REALISED
p1_dev,20260812,5ea24037c2d9cb6a,F0062,F0062-P01,R5:kharif,sorghum,9400.0,ACCEPT,0.826,0.778933,1120031581,SYNTHETIC_EXPERIMENTAL,sorghum,9400.0,REALISED
p1_dev,20260812,5ea24037c2d9cb6a,F0064,F0064-P01,R3:kharif,rice,7043.0,ACCEPT,0.866,0.750684,1120031581,SYNTHETIC_EXPERIMENTAL,rice,7043.0,REALISED
p1_dev,20260812,5ea24037c2d9cb6a,F0064,F0064-P02,R3:kharif,rice,13435.0,ACCEPT,0.866,0.423098,1120031581,SYNTHETIC_EXPERIMENTAL,rice,13435.0,REALISED
p1_dev,20260812,5ea24037c2d9cb6a,F0066,F0066-P01,R3:kharif,rice,3012.0,ACCEPT,0.888,0.475575,1120031581,SYNTHETIC_EXPERIMENTAL,rice,3012.0,REALISED
p1_dev,20260812,5ea24037c2d9cb6a,F0068,F0068-P01,R5:kharif,onion,96333.0,ACCEPT,0.92,0.673302,1120031581,SYNTHETIC_EXPERIMENTAL,onion,96333.0,REALISED
p1_dev,20260812,5ea24037c2d9cb6a,F0068,F0068-P02,R5:kharif,sorghum,11349.0,ACCEPT,0.92,0.532817,1120031581,SYNTHETIC_EXPERIMENTAL,sorghum,11349.0,REALISED
p1_dev,20260812,5ea24037c2d9cb6a,F0068,F0068-P03,R5:kharif,onion,16229.0,ACCEPT,0.92,0.395738,1120031581,SYNTHETIC_EXPERIMENTAL,onion,16229.0,REALISED
p1_dev,20260812,5ea24037c2d9cb6a,F0070,F0070-P01,R5:kharif,maize,15971.0,ACCEPT,0.91,0.440708,1120031581,SYNTHETIC_EXPERIMENTAL,maize,15971.0,REALISED
p1_dev,20260812,5ea24037c2d9cb6a,F0071,F0071-P01,R1:kharif,maize,53435.0,ACCEPT,0.834,0.327306,1120031581,SYNTHETIC_EXPERIMENTAL,maize,53435.0,REALISED
p1_dev,20260812,5ea24037c2d9cb6a,F0072,F0072-P02,R5:kharif,maize,3928.0,ACCEPT,0.92,0.173075,1120031581,SYNTHETIC_EXPERIMENTAL,maize,3928.0,REALISED
p1_dev,20260812,5ea24037c2d9cb6a,F0074,F0074-P01,R3:kharif,rice,624.0,ACCEPT,0.856,0.699261,1120031581,SYNTHETIC_EXPERIMENTAL,rice,624.0,REALISED
p1_dev,20260812,5ea24037c2d9cb6a,F0074,F0074-P02,R3:kharif,rice,12475.0,ACCEPT,0.856,0.112257,1120031581,SYNTHETIC_EXPERIMENTAL,rice,12475.0,REALISED
p1_dev,20260812,5ea24037c2d9cb6a,F0077,F0077-P01,R1:kharif,maize,3859.0,ACCEPT,0.894,0.403467,1120031581,SYNTHETIC_EXPERIMENTAL,maize,3859.0,REALISED
p1_dev,20260812,5ea24037c2d9cb6a,F0078,F0078-P01,R5:kharif,maize,22877.0,ACCEPT,0.928,0.201187,1120031581,SYNTHETIC_EXPERIMENTAL,maize,22877.0,REALISED
p1_dev,20260812,5ea24037c2d9cb6a,F0078,F0078-P02,R5:kharif,maize,16827.0,ACCEPT,0.928,0.093999,1120031581,SYNTHETIC_EXPERIMENTAL,maize,16827.0,REALISED
p1_dev,20260812,5ea24037c2d9cb6a,F0078,F0078-P03,R5:kharif,maize,66638.0,ACCEPT,0.928,0.411819,1120031581,SYNTHETIC_EXPERIMENTAL,maize,66638.0,REALISED
p1_dev,20260812,5ea24037c2d9cb6a,F0079,F0079-P02,R5:kharif,onion,58812.0,ACCEPT,0.804,0.671395,1120031581,SYNTHETIC_EXPERIMENTAL,onion,58812.0,REALISED
p1_dev,20260812,5ea24037c2d9cb6a,F0080,F0080-P01,R2:kharif,onion,12170.0,ACCEPT,0.81,0.300885,1120031581,SYNTHETIC_EXPERIMENTAL,onion,12170.0,REALISED
p1_dev,20260812,5ea24037c2d9cb6a,F0080,F0080-P02,R2:kharif,soybean,10436.0,ACCEPT,0.81,0.093907,1120031581,SYNTHETIC_EXPERIMENTAL,soybean,10436.0,REALISED
p1_dev,20260812,5ea24037c2d9cb6a,F0082,F0082-P01,R5:kharif,pigeon_pea,7687.0,ACCEPT,0.806,0.512417,1120031581,SYNTHETIC_EXPERIMENTAL,pigeon_pea,7687.0,REALISED
p1_dev,20260812,5ea24037c2d9cb6a,F0082,F0082-P02,R5:kharif,maize,4560.0,ACCEPT,0.806,0.130518,1120031581,SYNTHETIC_EXPERIMENTAL,maize,4560.0,REALISED
p1_dev,20260812,5ea24037c2d9cb6a,F0083,F0083-P01,R3:kharif,rice,4749.0,ACCEPT,0.786,0.687565,1120031581,SYNTHETIC_EXPERIMENTAL,rice,4749.0,REALISED
p1_dev,20260812,5ea24037c2d9cb6a,F0084,F0084-P01,R1:kharif,maize,56476.0,ACCEPT,0.93,0.77014,1120031581,SYNTHETIC_EXPERIMENTAL,maize,56476.0,REALISED
p1_dev,20260812,5ea24037c2d9cb6a,F0084,F0084-P02,R1:kharif,maize,88033.0,ACCEPT,0.93,0.626283,1120031581,SYNTHETIC_EXPERIMENTAL,maize,88033.0,REALISED
p1_dev,20260812,5ea24037c2d9cb6a,F0085,F0085-P01,R3:kharif,groundnut,74239.0,REJECT,0.898,0.925296,1120031581,SYNTHETIC_EXPERIMENTAL,FALLOW_UNALLOCATED,0.0,REJECTED_FALLOW
p1_dev,20260812,5ea24037c2d9cb6a,F0086,F0086-P02,R1:kharif,maize,6737.0,ACCEPT,0.924,0.146574,1120031581,SYNTHETIC_EXPERIMENTAL,maize,6737.0,REALISED
p1_dev,20260812,5ea24037c2d9cb6a,F0089,F0089-P01,R1:kharif,maize,10595.0,ACCEPT,0.814,0.51137,1120031581,SYNTHETIC_EXPERIMENTAL,maize,10595.0,REALISED
p1_dev,20260812,5ea24037c2d9cb6a,F0090,F0090-P01,R3:kharif,rice,1134.0,ACCEPT,0.9,0.269099,1120031581,SYNTHETIC_EXPERIMENTAL,rice,1134.0,REALISED
p1_dev,20260812,5ea24037c2d9cb6a,F0090,F0090-P02,R3:kharif,rice,22328.0,ACCEPT,0.9,0.06691,1120031581,SYNTHETIC_EXPERIMENTAL,rice,22328.0,REALISED
p1_dev,20260812,5ea24037c2d9cb6a,F0091,F0091-P01,R2:kharif,soybean,3404.0,ACCEPT,0.83,0.20058,1120031581,SYNTHETIC_EXPERIMENTAL,soybean,3404.0,REALISED
p1_dev,20260812,5ea24037c2d9cb6a,F0092,F0092-P02,R3:kharif,rice,13408.0,ACCEPT,0.878,0.022683,1120031581,SYNTHETIC_EXPERIMENTAL,rice,13408.0,REALISED
p1_dev,20260812,5ea24037c2d9cb6a,F0093,F0093-P01,R1:kharif,maize,21191.0,ACCEPT,0.81,0.273872,1120031581,SYNTHETIC_EXPERIMENTAL,maize,21191.0,REALISED
p1_dev,20260812,5ea24037c2d9cb6a,F0094,F0094-P01,R3:kharif,rice,7546.0,ACCEPT,0.872,0.622613,1120031581,SYNTHETIC_EXPERIMENTAL,rice,7546.0,REALISED
p1_dev,20260812,5ea24037c2d9cb6a,F0097,F0097-P02,R2:kharif,soybean,29267.0,REJECT,0.858,0.90666,1120031581,SYNTHETIC_EXPERIMENTAL,FALLOW_UNALLOCATED,0.0,REJECTED_FALLOW
p1_dev,20260812,5ea24037c2d9cb6a,F0102,F0102-P01,R3:kharif,rice,423.0,ACCEPT,0.926,0.871638,1120031581,SYNTHETIC_EXPERIMENTAL,rice,423.0,REALISED
p1_dev,20260812,5ea24037c2d9cb6a,F0103,F0103-P01,R5:kharif,maize,17032.0,REJECT,0.856,0.92753,1120031581,SYNTHETIC_EXPERIMENTAL,FALLOW_UNALLOCATED,0.0,REJECTED_FALLOW
p1_dev,20260812,5ea24037c2d9cb6a,F0105,F0105-P04,R2:kharif,soybean,14354.0,ACCEPT,0.788,0.201083,1120031581,SYNTHETIC_EXPERIMENTAL,soybean,14354.0,REALISED
p1_dev,20260812,5ea24037c2d9cb6a,F0106,F0106-P01,R5:kharif,onion,76079.0,ACCEPT,0.858,0.773292,1120031581,SYNTHETIC_EXPERIMENTAL,onion,76079.0,REALISED
p1_dev,20260812,5ea24037c2d9cb6a,F0107,F0107-P02,R1:kharif,maize,21518.0,ACCEPT,0.9,0.34884,1120031581,SYNTHETIC_EXPERIMENTAL,maize,21518.0,REALISED
p1_dev,20260812,5ea24037c2d9cb6a,F0108,F0108-P01,R3:kharif,rice,5098.0,ACCEPT,0.78,0.099425,1120031581,SYNTHETIC_EXPERIMENTAL,rice,5098.0,REALISED
p1_dev,20260812,5ea24037c2d9cb6a,F0108,F0108-P03,R3:kharif,rice,10423.0,ACCEPT,0.78,0.376231,1120031581,SYNTHETIC_EXPERIMENTAL,rice,10423.0,REALISED
p1_dev,20260812,5ea24037c2d9cb6a,F0109,F0109-P02,R1:kharif,maize,20471.0,ACCEPT,0.814,0.572943,1120031581,SYNTHETIC_EXPERIMENTAL,maize,20471.0,REALISED
p1_dev,20260812,5ea24037c2d9cb6a,F0110,F0110-P01,R5:kharif,sorghum,21425.0,REJECT,0.888,0.896569,1120031581,SYNTHETIC_EXPERIMENTAL,FALLOW_UNALLOCATED,0.0,REJECTED_FALLOW
p1_dev,20260812,5ea24037c2d9cb6a,F0110,F0110-P02,R5:kharif,sorghum,3160.0,ACCEPT,0.888,0.669925,1120031581,SYNTHETIC_EXPERIMENTAL,sorghum,3160.0,REALISED
p1_dev,20260812,5ea24037c2d9cb6a,F0110,F0110-P03,R5:kharif,sorghum,2908.0,ACCEPT,0.888,0.400803,1120031581,SYNTHETIC_EXPERIMENTAL,sorghum,2908.0,REALISED
p1_dev,20260812,5ea24037c2d9cb6a,F0111,F0111-P02,R1:kharif,maize,21452.0,REJECT,0.904,0.960544,1120031581,SYNTHETIC_EXPERIMENTAL,FALLOW_UNALLOCATED,0.0,REJECTED_FALLOW
p1_dev,20260812,5ea24037c2d9cb6a,F0114,F0114-P01,R1:kharif,maize,19098.0,ACCEPT,0.814,0.761048,1120031581,SYNTHETIC_EXPERIMENTAL,maize,19098.0,REALISED
p1_dev,20260812,5ea24037c2d9cb6a,F0115,F0115-P02,R1:kharif,maize,32865.0,ACCEPT,0.886,0.326754,1120031581,SYNTHETIC_EXPERIMENTAL,maize,32865.0,REALISED
p1_dev,20260812,5ea24037c2d9cb6a,F0115,F0115-P03,R1:kharif,maize,56836.0,ACCEPT,0.886,0.500252,1120031581,SYNTHETIC_EXPERIMENTAL,maize,56836.0,REALISED
p1_dev,20260812,5ea24037c2d9cb6a,F0116,F0116-P02,R3:kharif,rice,4708.0,ACCEPT,0.882,0.514585,1120031581,SYNTHETIC_EXPERIMENTAL,rice,4708.0,REALISED
p1_dev,20260812,5ea24037c2d9cb6a,F0117,F0117-P02,R3:kharif,rice,10463.0,ACCEPT,0.812,0.181626,1120031581,SYNTHETIC_EXPERIMENTAL,rice,10463.0,REALISED
p1_dev,20260812,5ea24037c2d9cb6a,F0119,F0119-P01,R2:kharif,soybean,1719.0,ACCEPT,0.894,0.642362,1120031581,SYNTHETIC_EXPERIMENTAL,soybean,1719.0,REALISED
p1_dev,20260812,5ea24037c2d9cb6a,F0120,F0120-P01,R3:kharif,rice,1603.0,REJECT,0.792,0.900224,1120031581,SYNTHETIC_EXPERIMENTAL,FALLOW_UNALLOCATED,0.0,REJECTED_FALLOW
p1_dev,20260812,5ea24037c2d9cb6a,F0121,F0121-P01,R2:kharif,soybean,5302.0,ACCEPT,0.882,0.645532,1120031581,SYNTHETIC_EXPERIMENTAL,soybean,5302.0,REALISED
p1_dev,20260812,5ea24037c2d9cb6a,F0122,F0122-P01,R1:kharif,maize,9058.0,ACCEPT,0.878,0.75175,1120031581,SYNTHETIC_EXPERIMENTAL,maize,9058.0,REALISED
p1_dev,20260812,5ea24037c2d9cb6a,F0123,F0123-P01,R5:kharif,sorghum,15515.0,ACCEPT,0.798,0.040403,1120031581,SYNTHETIC_EXPERIMENTAL,sorghum,15515.0,REALISED
p1_dev,20260812,5ea24037c2d9cb6a,F0126,F0126-P01,R5:kharif,maize,35367.0,ACCEPT,0.832,0.332473,1120031581,SYNTHETIC_EXPERIMENTAL,maize,35367.0,REALISED
p1_dev,20260812,5ea24037c2d9cb6a,F0126,F0126-P02,R5:kharif,maize,103289.0,ACCEPT,0.832,0.632695,1120031581,SYNTHETIC_EXPERIMENTAL,maize,103289.0,REALISED
p1_dev,20260812,5ea24037c2d9cb6a,F0127,F0127-P01,R5:kharif,sorghum,5737.0,ACCEPT,0.92,0.472833,1120031581,SYNTHETIC_EXPERIMENTAL,sorghum,5737.0,REALISED
p1_dev,20260812,5ea24037c2d9cb6a,F0128,F0128-P01,R3:kharif,rice,1764.0,ACCEPT,0.828,0.278812,1120031581,SYNTHETIC_EXPERIMENTAL,rice,1764.0,REALISED
p1_dev,20260812,5ea24037c2d9cb6a,F0128,F0128-P02,R3:kharif,rice,16540.0,ACCEPT,0.828,0.805025,1120031581,SYNTHETIC_EXPERIMENTAL,rice,16540.0,REALISED
p1_dev,20260812,5ea24037c2d9cb6a,F0128,F0128-P03,R3:kharif,rice,1871.0,ACCEPT,0.828,0.613377,1120031581,SYNTHETIC_EXPERIMENTAL,rice,1871.0,REALISED
p1_dev,20260812,5ea24037c2d9cb6a,F0129,F0129-P01,R5:kharif,onion,55826.0,ACCEPT,0.814,0.597126,1120031581,SYNTHETIC_EXPERIMENTAL,onion,55826.0,REALISED
p1_dev,20260812,5ea24037c2d9cb6a,F0129,F0129-P02,R5:kharif,pigeon_pea,52243.0,ACCEPT,0.814,0.703305,1120031581,SYNTHETIC_EXPERIMENTAL,pigeon_pea,52243.0,REALISED
p1_dev,20260812,5ea24037c2d9cb6a,F0130,F0130-P01,R1:kharif,maize,7358.0,ACCEPT,0.802,0.302657,1120031581,SYNTHETIC_EXPERIMENTAL,maize,7358.0,REALISED
p1_dev,20260812,5ea24037c2d9cb6a,F0131,F0131-P01,R3:kharif,rice,268.0,ACCEPT,0.846,0.054752,1120031581,SYNTHETIC_EXPERIMENTAL,rice,268.0,REALISED
p1_dev,20260812,5ea24037c2d9cb6a,F0131,F0131-P02,R3:kharif,rice,5178.0,ACCEPT,0.846,0.134304,1120031581,SYNTHETIC_EXPERIMENTAL,rice,5178.0,REALISED
p1_dev,20260812,5ea24037c2d9cb6a,F0133,F0133-P01,R2:kharif,onion,23444.0,REJECT,0.906,0.92876,1120031581,SYNTHETIC_EXPERIMENTAL,FALLOW_UNALLOCATED,0.0,REJECTED_FALLOW
p1_dev,20260812,5ea24037c2d9cb6a,F0134,F0134-P01,R3:kharif,rice,6191.0,REJECT,0.926,0.993042,1120031581,SYNTHETIC_EXPERIMENTAL,FALLOW_UNALLOCATED,0.0,REJECTED_FALLOW
p1_dev,20260812,5ea24037c2d9cb6a,F0135,F0135-P01,R3:kharif,groundnut,25772.0,ACCEPT,0.788,0.389412,1120031581,SYNTHETIC_EXPERIMENTAL,groundnut,25772.0,REALISED
p1_dev,20260812,5ea24037c2d9cb6a,F0136,F0136-P02,R1:kharif,maize,1799.0,ACCEPT,0.832,0.327423,1120031581,SYNTHETIC_EXPERIMENTAL,maize,1799.0,REALISED
p1_dev,20260812,5ea24037c2d9cb6a,F0138,F0138-P02,R3:kharif,rice,4863.0,ACCEPT,0.876,0.330775,1120031581,SYNTHETIC_EXPERIMENTAL,rice,4863.0,REALISED
p1_dev,20260812,5ea24037c2d9cb6a,F0138,F0138-P03,R3:kharif,groundnut,645030.0,ACCEPT,0.876,0.25413,1120031581,SYNTHETIC_EXPERIMENTAL,groundnut,645030.0,REALISED
p1_dev,20260812,5ea24037c2d9cb6a,F0139,F0139-P02,R1:kharif,maize,8895.0,ACCEPT,0.876,0.014966,1120031581,SYNTHETIC_EXPERIMENTAL,maize,8895.0,REALISED
p1_dev,20260812,5ea24037c2d9cb6a,F0141,F0141-P02,R5:kharif,sorghum,1933.0,ACCEPT,0.798,0.166028,1120031581,SYNTHETIC_EXPERIMENTAL,sorghum,1933.0,REALISED
p1_dev,20260812,5ea24037c2d9cb6a,F0142,F0142-P01,R5:kharif,maize,16566.0,ACCEPT,0.812,0.404784,1120031581,SYNTHETIC_EXPERIMENTAL,maize,16566.0,REALISED
p1_dev,20260812,5ea24037c2d9cb6a,F0145,F0145-P01,R5:kharif,sorghum,1383.0,ACCEPT,0.788,0.230477,1120031581,SYNTHETIC_EXPERIMENTAL,sorghum,1383.0,REALISED
p1_dev,20260812,5ea24037c2d9cb6a,F0145,F0145-P02,R5:kharif,sorghum,13125.0,ACCEPT,0.788,0.203595,1120031581,SYNTHETIC_EXPERIMENTAL,sorghum,13125.0,REALISED
p1_dev,20260812,5ea24037c2d9cb6a,F0146,F0146-P01,R1:kharif,maize,1537.0,ACCEPT,0.9,0.361578,1120031581,SYNTHETIC_EXPERIMENTAL,maize,1537.0,REALISED
p1_dev,20260812,5ea24037c2d9cb6a,F0147,F0147-P02,R5:kharif,onion,31029.0,ACCEPT,0.824,0.568684,1120031581,SYNTHETIC_EXPERIMENTAL,onion,31029.0,REALISED
p1_dev,20260812,5ea24037c2d9cb6a,F0148,F0148-P01,R3:kharif,groundnut,324530.0,ACCEPT,0.814,0.694684,1120031581,SYNTHETIC_EXPERIMENTAL,groundnut,324530.0,REALISED
p1_dev,20260812,5ea24037c2d9cb6a,F0149,F0149-P01,R1:kharif,maize,30282.0,ACCEPT,0.82,0.682309,1120031581,SYNTHETIC_EXPERIMENTAL,maize,30282.0,REALISED
p1_dev,20260812,5ea24037c2d9cb6a,F0150,F0150-P02,R5:kharif,maize,8172.0,ACCEPT,0.87,0.585413,1120031581,SYNTHETIC_EXPERIMENTAL,maize,8172.0,REALISED
p1_dev,20260812,5ea24037c2d9cb6a,F0150,F0150-P03,R5:kharif,onion,95813.0,ACCEPT,0.87,0.17735,1120031581,SYNTHETIC_EXPERIMENTAL,onion,95813.0,REALISED
p1_dev,20260812,5ea24037c2d9cb6a,F0152,F0152-P03,R2:kharif,soybean,13615.0,ACCEPT,0.824,0.296153,1120031581,SYNTHETIC_EXPERIMENTAL,soybean,13615.0,REALISED
p1_dev,20260812,5ea24037c2d9cb6a,F0153,F0153-P03,R3:kharif,groundnut,59179.0,ACCEPT,0.804,0.388856,1120031581,SYNTHETIC_EXPERIMENTAL,groundnut,59179.0,REALISED
p1_dev,20260812,5ea24037c2d9cb6a,F0154,F0154-P01,R1:kharif,maize,74070.0,ACCEPT,0.878,0.71996,1120031581,SYNTHETIC_EXPERIMENTAL,maize,74070.0,REALISED
p1_dev,20260812,5ea24037c2d9cb6a,F0156,F0156-P01,R5:kharif,maize,9102.0,ACCEPT,0.854,0.182691,1120031581,SYNTHETIC_EXPERIMENTAL,maize,9102.0,REALISED
p1_dev,20260812,5ea24037c2d9cb6a,F0156,F0156-P02,R5:kharif,onion,167219.0,ACCEPT,0.854,0.739615,1120031581,SYNTHETIC_EXPERIMENTAL,onion,167219.0,REALISED
p1_dev,20260812,5ea24037c2d9cb6a,F0156,F0156-P03,R5:kharif,maize,31085.0,ACCEPT,0.854,0.165503,1120031581,SYNTHETIC_EXPERIMENTAL,maize,31085.0,REALISED
p1_dev,20260812,5ea24037c2d9cb6a,F0158,F0158-P02,R3:kharif,rice,23388.0,ACCEPT,0.856,0.102694,1120031581,SYNTHETIC_EXPERIMENTAL,rice,23388.0,REALISED
p1_dev,20260812,5ea24037c2d9cb6a,F0159,F0159-P01,R3:kharif,rice,11966.0,ACCEPT,0.788,0.116609,1120031581,SYNTHETIC_EXPERIMENTAL,rice,11966.0,REALISED
p1_dev,20260812,5ea24037c2d9cb6a,F0160,F0160-P03,R3:kharif,groundnut,57376.0,ACCEPT,0.9,0.046012,1120031581,SYNTHETIC_EXPERIMENTAL,groundnut,57376.0,REALISED
p1_dev,20260812,5ea24037c2d9cb6a,F0162,F0162-P01,R3:kharif,rice,9001.0,ACCEPT,0.844,0.131268,1120031581,SYNTHETIC_EXPERIMENTAL,rice,9001.0,REALISED
p1_dev,20260812,5ea24037c2d9cb6a,F0163,F0163-P01,R3:kharif,rice,1610.0,ACCEPT,0.782,0.545188,1120031581,SYNTHETIC_EXPERIMENTAL,rice,1610.0,REALISED
p1_dev,20260812,5ea24037c2d9cb6a,F0166,F0166-P01,R3:kharif,rice,2602.0,ACCEPT,0.908,0.571068,1120031581,SYNTHETIC_EXPERIMENTAL,rice,2602.0,REALISED
p1_dev,20260812,5ea24037c2d9cb6a,F0167,F0167-P01,R3:kharif,rice,5218.0,ACCEPT,0.882,0.353069,1120031581,SYNTHETIC_EXPERIMENTAL,rice,5218.0,REALISED
p1_dev,20260812,5ea24037c2d9cb6a,F0169,F0169-P02,R2:kharif,onion,1867.0,ACCEPT,0.91,0.489992,1120031581,SYNTHETIC_EXPERIMENTAL,onion,1867.0,REALISED
p1_dev,20260812,5ea24037c2d9cb6a,F0175,F0175-P01,R5:kharif,sorghum,30574.0,REJECT,0.822,0.895016,1120031581,SYNTHETIC_EXPERIMENTAL,FALLOW_UNALLOCATED,0.0,REJECTED_FALLOW
p1_dev,20260812,5ea24037c2d9cb6a,F0177,F0177-P01,R5:kharif,pigeon_pea,76560.0,ACCEPT,0.786,0.533179,1120031581,SYNTHETIC_EXPERIMENTAL,pigeon_pea,76560.0,REALISED
p1_dev,20260812,5ea24037c2d9cb6a,F0178,F0178-P01,R5:kharif,pigeon_pea,76207.0,REJECT,0.848,0.88614,1120031581,SYNTHETIC_EXPERIMENTAL,FALLOW_UNALLOCATED,0.0,REJECTED_FALLOW
p1_dev,20260812,5ea24037c2d9cb6a,F0178,F0178-P02,R5:kharif,onion,45829.0,ACCEPT,0.848,0.703214,1120031581,SYNTHETIC_EXPERIMENTAL,onion,45829.0,REALISED
p1_dev,20260812,5ea24037c2d9cb6a,F0179,F0179-P01,R5:kharif,onion,78286.0,ACCEPT,0.818,0.680738,1120031581,SYNTHETIC_EXPERIMENTAL,onion,78286.0,REALISED
p1_dev,20260812,5ea24037c2d9cb6a,F0179,F0179-P02,R5:kharif,pigeon_pea,18277.0,REJECT,0.818,0.854989,1120031581,SYNTHETIC_EXPERIMENTAL,FALLOW_UNALLOCATED,0.0,REJECTED_FALLOW
p1_dev,20260812,5ea24037c2d9cb6a,F0180,F0180-P01,R4:kharif,groundnut,5667.0,ACCEPT,0.91,0.666939,1120031581,SYNTHETIC_EXPERIMENTAL,groundnut,5667.0,REALISED
p1_dev,20260812,5ea24037c2d9cb6a,F0181,F0181-P02,R5:kharif,onion,204999.0,ACCEPT,0.914,0.364893,1120031581,SYNTHETIC_EXPERIMENTAL,onion,204999.0,REALISED
p1_dev,20260812,5ea24037c2d9cb6a,F0183,F0183-P01,R5:kharif,maize,18279.0,ACCEPT,0.9,0.385786,1120031581,SYNTHETIC_EXPERIMENTAL,maize,18279.0,REALISED
p1_dev,20260812,5ea24037c2d9cb6a,F0188,F0188-P01,R5:kharif,maize,6087.0,ACCEPT,0.902,0.133351,1120031581,SYNTHETIC_EXPERIMENTAL,maize,6087.0,REALISED
p1_dev,20260812,5ea24037c2d9cb6a,F0188,F0188-P02,R5:kharif,pigeon_pea,147825.0,ACCEPT,0.902,0.076123,1120031581,SYNTHETIC_EXPERIMENTAL,pigeon_pea,147825.0,REALISED
p1_dev,20260812,5ea24037c2d9cb6a,F0188,F0188-P03,R5:kharif,onion,32068.0,ACCEPT,0.902,0.728901,1120031581,SYNTHETIC_EXPERIMENTAL,onion,32068.0,REALISED
p1_dev,20260812,5ea24037c2d9cb6a,F0188,F0188-P04,R5:kharif,maize,15003.0,ACCEPT,0.902,0.571675,1120031581,SYNTHETIC_EXPERIMENTAL,maize,15003.0,REALISED
p1_dev,20260812,5ea24037c2d9cb6a,F0189,F0189-P01,R5:kharif,onion,69069.0,ACCEPT,0.888,0.225537,1120031581,SYNTHETIC_EXPERIMENTAL,onion,69069.0,REALISED
p1_dev,20260812,5ea24037c2d9cb6a,F0190,F0190-P01,R1:kharif,maize,21452.0,ACCEPT,0.806,0.025278,1120031581,SYNTHETIC_EXPERIMENTAL,maize,21452.0,REALISED
p1_dev,20260812,5ea24037c2d9cb6a,F0192,F0192-P02,R3:kharif,groundnut,51119.0,ACCEPT,0.886,0.096935,1120031581,SYNTHETIC_EXPERIMENTAL,groundnut,51119.0,REALISED
p1_dev,20260812,5ea24037c2d9cb6a,F0193,F0193-P01,R5:kharif,maize,83428.0,REJECT,0.916,0.973273,1120031581,SYNTHETIC_EXPERIMENTAL,FALLOW_UNALLOCATED,0.0,REJECTED_FALLOW
p1_dev,20260812,5ea24037c2d9cb6a,F0193,F0193-P02,R5:kharif,maize,25520.0,ACCEPT,0.916,0.790459,1120031581,SYNTHETIC_EXPERIMENTAL,maize,25520.0,REALISED
p1_dev,20260812,5ea24037c2d9cb6a,F0194,F0194-P01,R5:kharif,onion,54917.0,ACCEPT,0.924,0.161547,1120031581,SYNTHETIC_EXPERIMENTAL,onion,54917.0,REALISED
p1_dev,20260812,5ea24037c2d9cb6a,F0195,F0195-P01,R2:kharif,soybean,10240.0,ACCEPT,0.868,0.617928,1120031581,SYNTHETIC_EXPERIMENTAL,soybean,10240.0,REALISED
p1_dev,20260812,5ea24037c2d9cb6a,F0198,F0198-P01,R5:kharif,soybean,8598.0,ACCEPT,0.836,0.790351,1120031581,SYNTHETIC_EXPERIMENTAL,soybean,8598.0,REALISED
p1_dev,20260812,5ea24037c2d9cb6a,F0200,F0200-P01,R5:kharif,pigeon_pea,1373.0,ACCEPT,0.772,0.556368,1120031581,SYNTHETIC_EXPERIMENTAL,pigeon_pea,1373.0,REALISED
p1_dev,20260812,5ea24037c2d9cb6a,F0201,F0201-P01,R2:kharif,onion,9258.0,ACCEPT,0.836,0.265582,1120031581,SYNTHETIC_EXPERIMENTAL,onion,9258.0,REALISED
p1_dev,20260812,5ea24037c2d9cb6a,F0202,F0202-P01,R1:kharif,maize,5134.0,ACCEPT,0.836,0.401123,1120031581,SYNTHETIC_EXPERIMENTAL,maize,5134.0,REALISED
p1_dev,20260812,5ea24037c2d9cb6a,F0202,F0202-P03,R1:kharif,maize,47908.0,ACCEPT,0.836,0.565486,1120031581,SYNTHETIC_EXPERIMENTAL,maize,47908.0,REALISED
p1_dev,20260812,5ea24037c2d9cb6a,F0203,F0203-P01,R2:kharif,soybean,6588.0,ACCEPT,0.784,0.352388,1120031581,SYNTHETIC_EXPERIMENTAL,soybean,6588.0,REALISED
p1_dev,20260812,5ea24037c2d9cb6a,F0204,F0204-P01,R5:kharif,soybean,4173.0,ACCEPT,0.882,0.043726,1120031581,SYNTHETIC_EXPERIMENTAL,soybean,4173.0,REALISED
p1_dev,20260812,5ea24037c2d9cb6a,F0205,F0205-P01,R5:kharif,onion,125674.0,ACCEPT,0.802,0.429122,1120031581,SYNTHETIC_EXPERIMENTAL,onion,125674.0,REALISED
p1_dev,20260812,5ea24037c2d9cb6a,F0205,F0205-P02,R5:kharif,sorghum,7812.0,ACCEPT,0.802,0.77072,1120031581,SYNTHETIC_EXPERIMENTAL,sorghum,7812.0,REALISED
p1_dev,20260812,5ea24037c2d9cb6a,F0207,F0207-P02,R3:kharif,rice,630.0,ACCEPT,0.93,0.289584,1120031581,SYNTHETIC_EXPERIMENTAL,rice,630.0,REALISED
p1_dev,20260812,5ea24037c2d9cb6a,F0208,F0208-P01,R2:kharif,soybean,1235.0,ACCEPT,0.846,0.5619,1120031581,SYNTHETIC_EXPERIMENTAL,soybean,1235.0,REALISED
p1_dev,20260812,5ea24037c2d9cb6a,F0211,F0211-P01,R3:kharif,rice,1663.0,ACCEPT,0.842,0.188287,1120031581,SYNTHETIC_EXPERIMENTAL,rice,1663.0,REALISED
p1_dev,20260812,5ea24037c2d9cb6a,F0211,F0211-P02,R3:kharif,rice,798.0,ACCEPT,0.842,0.40724,1120031581,SYNTHETIC_EXPERIMENTAL,rice,798.0,REALISED
p1_dev,20260812,5ea24037c2d9cb6a,F0211,F0211-P03,R3:kharif,rice,4521.0,ACCEPT,0.842,0.501123,1120031581,SYNTHETIC_EXPERIMENTAL,rice,4521.0,REALISED
p1_dev,20260812,5ea24037c2d9cb6a,F0212,F0212-P01,R5:kharif,pigeon_pea,43771.0,ACCEPT,0.85,0.183494,1120031581,SYNTHETIC_EXPERIMENTAL,pigeon_pea,43771.0,REALISED
p1_dev,20260812,5ea24037c2d9cb6a,F0212,F0212-P02,R5:kharif,maize,1080.0,ACCEPT,0.85,0.198633,1120031581,SYNTHETIC_EXPERIMENTAL,maize,1080.0,REALISED
p1_dev,20260812,5ea24037c2d9cb6a,F0213,F0213-P01,R5:kharif,onion,78806.0,ACCEPT,0.798,0.763827,1120031581,SYNTHETIC_EXPERIMENTAL,onion,78806.0,REALISED
p1_dev,20260812,5ea24037c2d9cb6a,F0215,F0215-P01,R2:kharif,soybean,2135.0,ACCEPT,0.876,0.802219,1120031581,SYNTHETIC_EXPERIMENTAL,soybean,2135.0,REALISED
p1_dev,20260812,5ea24037c2d9cb6a,F0216,F0216-P01,R5:kharif,maize,7948.0,ACCEPT,0.818,0.642776,1120031581,SYNTHETIC_EXPERIMENTAL,maize,7948.0,REALISED
p1_dev,20260812,5ea24037c2d9cb6a,F0216,F0216-P02,R5:kharif,sorghum,1839.0,ACCEPT,0.818,0.068631,1120031581,SYNTHETIC_EXPERIMENTAL,sorghum,1839.0,REALISED
p1_dev,20260812,5ea24037c2d9cb6a,F0219,F0219-P01,R5:kharif,sorghum,8724.0,ACCEPT,0.894,0.27274,1120031581,SYNTHETIC_EXPERIMENTAL,sorghum,8724.0,REALISED
p1_dev,20260812,5ea24037c2d9cb6a,F0220,F0220-P02,R5:kharif,maize,10014.0,ACCEPT,0.852,0.285331,1120031581,SYNTHETIC_EXPERIMENTAL,maize,10014.0,REALISED
p1_dev,20260812,5ea24037c2d9cb6a,F0221,F0221-P01,R2:kharif,soybean,1973.0,ACCEPT,0.79,0.257191,1120031581,SYNTHETIC_EXPERIMENTAL,soybean,1973.0,REALISED
p1_dev,20260812,5ea24037c2d9cb6a,F0222,F0222-P04,R3:kharif,groundnut,273730.0,ACCEPT,0.806,0.062584,1120031581,SYNTHETIC_EXPERIMENTAL,groundnut,273730.0,REALISED
p1_dev,20260812,5ea24037c2d9cb6a,F0227,F0227-P01,R3:kharif,rice,2327.0,ACCEPT,0.906,0.218177,1120031581,SYNTHETIC_EXPERIMENTAL,rice,2327.0,REALISED
p1_dev,20260812,5ea24037c2d9cb6a,F0228,F0228-P01,R1:kharif,maize,8372.0,ACCEPT,0.88,0.219728,1120031581,SYNTHETIC_EXPERIMENTAL,maize,8372.0,REALISED
p1_dev,20260812,5ea24037c2d9cb6a,F0230,F0230-P01,R5:kharif,maize,16511.0,ACCEPT,0.878,0.850398,1120031581,SYNTHETIC_EXPERIMENTAL,maize,16511.0,REALISED
p1_dev,20260812,5ea24037c2d9cb6a,F0233,F0233-P01,R3:kharif,rice,3434.0,ACCEPT,0.822,0.183508,1120031581,SYNTHETIC_EXPERIMENTAL,rice,3434.0,REALISED
p1_dev,20260812,5ea24037c2d9cb6a,F0234,F0234-P01,R5:kharif,onion,42713.0,REJECT,0.81,0.926333,1120031581,SYNTHETIC_EXPERIMENTAL,FALLOW_UNALLOCATED,0.0,REJECTED_FALLOW
p1_dev,20260812,5ea24037c2d9cb6a,F0234,F0234-P02,R5:kharif,maize,10945.0,ACCEPT,0.81,0.223739,1120031581,SYNTHETIC_EXPERIMENTAL,maize,10945.0,REALISED
p1_dev,20260812,5ea24037c2d9cb6a,F0236,F0236-P02,R2:kharif,soybean,8913.0,ACCEPT,0.82,0.014661,1120031581,SYNTHETIC_EXPERIMENTAL,soybean,8913.0,REALISED
p1_dev,20260812,5ea24037c2d9cb6a,F0237,F0237-P01,R5:kharif,pigeon_pea,35809.0,ACCEPT,0.91,0.666542,1120031581,SYNTHETIC_EXPERIMENTAL,pigeon_pea,35809.0,REALISED
p1_dev,20260812,5ea24037c2d9cb6a,F0238,F0238-P01,R5:kharif,sorghum,3081.0,ACCEPT,0.79,0.310845,1120031581,SYNTHETIC_EXPERIMENTAL,sorghum,3081.0,REALISED
p1_dev,20260812,5ea24037c2d9cb6a,F0239,F0239-P02,R4:kharif,groundnut,21473.0,ACCEPT,0.77,0.748398,1120031581,SYNTHETIC_EXPERIMENTAL,groundnut,21473.0,REALISED
p1_dev,20260812,5ea24037c2d9cb6a,F0240,F0240-P01,R5:kharif,sorghum,18517.0,ACCEPT,0.878,0.077561,1120031581,SYNTHETIC_EXPERIMENTAL,sorghum,18517.0,REALISED
p1_dev,20260812,5ea24037c2d9cb6a,F0241,F0241-P02,R4:kharif,groundnut,20465.0,REJECT,0.786,0.89848,1120031581,SYNTHETIC_EXPERIMENTAL,FALLOW_UNALLOCATED,0.0,REJECTED_FALLOW
p1_dev,20260812,5ea24037c2d9cb6a,F0242,F0242-P03,R3:kharif,rice,16956.0,ACCEPT,0.818,0.011886,1120031581,SYNTHETIC_EXPERIMENTAL,rice,16956.0,REALISED
p1_dev,20260812,5ea24037c2d9cb6a,F0243,F0243-P02,R3:kharif,groundnut,4666.0,ACCEPT,0.844,0.644544,1120031581,SYNTHETIC_EXPERIMENTAL,groundnut,4666.0,REALISED
p1_dev,20260812,5ea24037c2d9cb6a,F0245,F0245-P01,R5:kharif,onion,198118.0,ACCEPT,0.852,0.024219,1120031581,SYNTHETIC_EXPERIMENTAL,onion,198118.0,REALISED
p1_dev,20260812,5ea24037c2d9cb6a,F0245,F0245-P02,R5:kharif,maize,23956.0,ACCEPT,0.852,0.484216,1120031581,SYNTHETIC_EXPERIMENTAL,maize,23956.0,REALISED
p1_dev,20260812,5ea24037c2d9cb6a,F0245,F0245-P03,R5:kharif,rice,6618.0,ACCEPT,0.852,0.747473,1120031581,SYNTHETIC_EXPERIMENTAL,rice,6618.0,REALISED
p1_dev,20260812,5ea24037c2d9cb6a,F0247,F0247-P01,R3:kharif,rice,2951.0,ACCEPT,0.832,0.306901,1120031581,SYNTHETIC_EXPERIMENTAL,rice,2951.0,REALISED
p1_dev,20260812,5ea24037c2d9cb6a,F0247,F0247-P02,R3:kharif,rice,832.0,ACCEPT,0.832,0.457214,1120031581,SYNTHETIC_EXPERIMENTAL,rice,832.0,REALISED
p1_dev,20260812,5ea24037c2d9cb6a,F0248,F0248-P02,R3:kharif,groundnut,3606.0,ACCEPT,0.806,0.07265,1120031581,SYNTHETIC_EXPERIMENTAL,groundnut,3606.0,REALISED
p1_dev,20260812,5ea24037c2d9cb6a,F0251,F0251-P01,R2:kharif,soybean,1933.0,ACCEPT,0.774,0.571998,1120031581,SYNTHETIC_EXPERIMENTAL,soybean,1933.0,REALISED
p1_dev,20260812,5ea24037c2d9cb6a,F0252,F0252-P01,R2:kharif,soybean,1962.0,ACCEPT,0.878,0.11506,1120031581,SYNTHETIC_EXPERIMENTAL,soybean,1962.0,REALISED
p1_dev,20260812,5ea24037c2d9cb6a,F0253,F0253-P02,R5:kharif,maize,2550.0,ACCEPT,0.782,0.019493,1120031581,SYNTHETIC_EXPERIMENTAL,maize,2550.0,REALISED
p1_dev,20260812,5ea24037c2d9cb6a,F0254,F0254-P01,R5:kharif,soybean,4494.0,ACCEPT,0.824,0.230269,1120031581,SYNTHETIC_EXPERIMENTAL,soybean,4494.0,REALISED
p1_dev,20260812,5ea24037c2d9cb6a,F0258,F0258-P02,R1:kharif,maize,4120.0,ACCEPT,0.796,0.236214,1120031581,SYNTHETIC_EXPERIMENTAL,maize,4120.0,REALISED
p1_dev,20260812,5ea24037c2d9cb6a,F0259,F0259-P02,R2:kharif,onion,6645.0,ACCEPT,0.874,0.854228,1120031581,SYNTHETIC_EXPERIMENTAL,onion,6645.0,REALISED
p1_dev,20260812,5ea24037c2d9cb6a,F0262,F0262-P01,R3:kharif,rice,6030.0,ACCEPT,0.78,0.643484,1120031581,SYNTHETIC_EXPERIMENTAL,rice,6030.0,REALISED
p1_dev,20260812,5ea24037c2d9cb6a,F0262,F0262-P02,R3:kharif,rice,443.0,ACCEPT,0.78,0.104428,1120031581,SYNTHETIC_EXPERIMENTAL,rice,443.0,REALISED
p1_dev,20260812,5ea24037c2d9cb6a,F0266,F0266-P01,R3:kharif,rice,3166.0,REJECT,0.794,0.819133,1120031581,SYNTHETIC_EXPERIMENTAL,FALLOW_UNALLOCATED,0.0,REJECTED_FALLOW
p1_dev,20260812,5ea24037c2d9cb6a,F0267,F0267-P01,R1:kharif,maize,33912.0,ACCEPT,0.854,0.022335,1120031581,SYNTHETIC_EXPERIMENTAL,maize,33912.0,REALISED
p1_dev,20260812,5ea24037c2d9cb6a,F0268,F0268-P01,R3:kharif,rice,3709.0,ACCEPT,0.878,0.38693,1120031581,SYNTHETIC_EXPERIMENTAL,rice,3709.0,REALISED
p1_dev,20260812,5ea24037c2d9cb6a,F0269,F0269-P02,R1:kharif,maize,32963.0,ACCEPT,0.9,0.584812,1120031581,SYNTHETIC_EXPERIMENTAL,maize,32963.0,REALISED
p1_dev,20260812,5ea24037c2d9cb6a,F0275,F0275-P01,R3:kharif,rice,1905.0,REJECT,0.878,0.900731,1120031581,SYNTHETIC_EXPERIMENTAL,FALLOW_UNALLOCATED,0.0,REJECTED_FALLOW
p1_dev,20260812,5ea24037c2d9cb6a,F0277,F0277-P01,R3:kharif,rice,1502.0,ACCEPT,0.884,0.450297,1120031581,SYNTHETIC_EXPERIMENTAL,rice,1502.0,REALISED
p1_dev,20260812,5ea24037c2d9cb6a,F0278,F0278-P01,R1:kharif,maize,15533.0,REJECT,0.862,0.940569,1120031581,SYNTHETIC_EXPERIMENTAL,FALLOW_UNALLOCATED,0.0,REJECTED_FALLOW
p1_dev,20260812,5ea24037c2d9cb6a,F0279,F0279-P02,R3:kharif,rice,1844.0,ACCEPT,0.91,0.257441,1120031581,SYNTHETIC_EXPERIMENTAL,rice,1844.0,REALISED
p1_dev,20260812,5ea24037c2d9cb6a,F0280,F0280-P01,R5:kharif,onion,26095.0,ACCEPT,0.784,0.59404,1120031581,SYNTHETIC_EXPERIMENTAL,onion,26095.0,REALISED
p1_dev,20260812,5ea24037c2d9cb6a,F0280,F0280-P02,R5:kharif,soybean,10259.0,ACCEPT,0.784,0.467203,1120031581,SYNTHETIC_EXPERIMENTAL,soybean,10259.0,REALISED
p1_dev,20260812,5ea24037c2d9cb6a,F0281,F0281-P01,R3:kharif,rice,2073.0,REJECT,0.794,0.926073,1120031581,SYNTHETIC_EXPERIMENTAL,FALLOW_UNALLOCATED,0.0,REJECTED_FALLOW
p1_dev,20260812,5ea24037c2d9cb6a,F0281,F0281-P02,R3:kharif,rice,2368.0,ACCEPT,0.794,0.029082,1120031581,SYNTHETIC_EXPERIMENTAL,rice,2368.0,REALISED
p1_dev,20260812,5ea24037c2d9cb6a,F0282,F0282-P01,R3:kharif,rice,785.0,REJECT,0.778,0.79215,1120031581,SYNTHETIC_EXPERIMENTAL,FALLOW_UNALLOCATED,0.0,REJECTED_FALLOW
p1_dev,20260812,5ea24037c2d9cb6a,F0284,F0284-P01,R3:kharif,rice,1992.0,ACCEPT,0.854,0.812778,1120031581,SYNTHETIC_EXPERIMENTAL,rice,1992.0,REALISED
p1_dev,20260812,5ea24037c2d9cb6a,F0285,F0285-P01,R5:kharif,sorghum,6571.0,ACCEPT,0.86,0.099382,1120031581,SYNTHETIC_EXPERIMENTAL,sorghum,6571.0,REALISED
p1_dev,20260812,5ea24037c2d9cb6a,F0286,F0286-P02,R5:kharif,onion,19474.0,ACCEPT,0.852,0.241782,1120031581,SYNTHETIC_EXPERIMENTAL,onion,19474.0,REALISED
p1_dev,20260812,5ea24037c2d9cb6a,F0288,F0288-P03,R1:kharif,maize,140748.0,ACCEPT,0.884,0.472032,1120031581,SYNTHETIC_EXPERIMENTAL,maize,140748.0,REALISED
p1_dev,20260812,5ea24037c2d9cb6a,F0290,F0290-P02,R1:kharif,maize,687.0,ACCEPT,0.852,0.842848,1120031581,SYNTHETIC_EXPERIMENTAL,maize,687.0,REALISED
p1_dev,20260812,5ea24037c2d9cb6a,F0291,F0291-P02,R2:kharif,onion,45245.0,ACCEPT,0.866,0.091649,1120031581,SYNTHETIC_EXPERIMENTAL,onion,45245.0,REALISED
p1_dev,20260812,5ea24037c2d9cb6a,F0293,F0293-P01,R3:kharif,groundnut,138721.0,ACCEPT,0.928,0.184763,1120031581,SYNTHETIC_EXPERIMENTAL,groundnut,138721.0,REALISED
p1_dev,20260812,5ea24037c2d9cb6a,F0293,F0293-P03,R3:kharif,rice,1066.0,REJECT,0.928,0.928192,1120031581,SYNTHETIC_EXPERIMENTAL,FALLOW_UNALLOCATED,0.0,REJECTED_FALLOW
p1_dev,20260812,5ea24037c2d9cb6a,F0294,F0294-P01,R3:kharif,rice,4702.0,ACCEPT,0.81,0.794706,1120031581,SYNTHETIC_EXPERIMENTAL,rice,4702.0,REALISED
p1_dev,20260812,5ea24037c2d9cb6a,F0296,F0296-P01,R5:kharif,cotton,15920.0,ACCEPT,0.812,0.048079,1120031581,SYNTHETIC_EXPERIMENTAL,cotton,15920.0,REALISED
p1_dev,20260812,5ea24037c2d9cb6a,F0297,F0297-P02,R3:kharif,rice,3810.0,ACCEPT,0.782,0.260773,1120031581,SYNTHETIC_EXPERIMENTAL,rice,3810.0,REALISED
p1_dev,20260812,5ea24037c2d9cb6a,F0299,F0299-P01,R2:kharif,soybean,2158.0,ACCEPT,0.84,0.150566,1120031581,SYNTHETIC_EXPERIMENTAL,soybean,2158.0,REALISED
p1_dev,20260812,5ea24037c2d9cb6a,F0300,F0300-P02,R1:kharif,maize,11348.0,REJECT,0.782,0.874467,1120031581,SYNTHETIC_EXPERIMENTAL,FALLOW_UNALLOCATED,0.0,REJECTED_FALLOW
p1_dev,20260812,5ea24037c2d9cb6a,F0304,F0304-P01,R2:kharif,onion,14410.0,ACCEPT,0.83,0.192815,1120031581,SYNTHETIC_EXPERIMENTAL,onion,14410.0,REALISED
p1_dev,20260812,5ea24037c2d9cb6a,F0305,F0305-P01,R3:kharif,rice,2649.0,ACCEPT,0.802,0.321886,1120031581,SYNTHETIC_EXPERIMENTAL,rice,2649.0,REALISED
p1_dev,20260812,5ea24037c2d9cb6a,F0309,F0309-P01,R5:kharif,onion,83090.0,ACCEPT,0.858,0.538592,1120031581,SYNTHETIC_EXPERIMENTAL,onion,83090.0,REALISED
p1_dev,20260812,5ea24037c2d9cb6a,F0309,F0309-P03,R5:kharif,onion,7400.0,ACCEPT,0.858,0.293407,1120031581,SYNTHETIC_EXPERIMENTAL,onion,7400.0,REALISED
p1_dev,20260812,5ea24037c2d9cb6a,F0313,F0313-P01,R5:kharif,sorghum,12607.0,ACCEPT,0.91,0.345186,1120031581,SYNTHETIC_EXPERIMENTAL,sorghum,12607.0,REALISED
p1_dev,20260812,5ea24037c2d9cb6a,F0314,F0314-P01,R1:kharif,maize,25965.0,ACCEPT,0.866,0.701174,1120031581,SYNTHETIC_EXPERIMENTAL,maize,25965.0,REALISED
p1_dev,20260812,5ea24037c2d9cb6a,F0316,F0316-P01,R3:kharif,rice,1972.0,ACCEPT,0.904,0.312769,1120031581,SYNTHETIC_EXPERIMENTAL,rice,1972.0,REALISED
p1_dev,20260812,5ea24037c2d9cb6a,F0316,F0316-P02,R3:kharif,rice,4413.0,ACCEPT,0.904,0.162062,1120031581,SYNTHETIC_EXPERIMENTAL,rice,4413.0,REALISED
p1_dev,20260812,5ea24037c2d9cb6a,F0317,F0317-P01,R2:kharif,soybean,10667.0,ACCEPT,0.894,0.886272,1120031581,SYNTHETIC_EXPERIMENTAL,soybean,10667.0,REALISED
p1_dev,20260812,5ea24037c2d9cb6a,F0317,F0317-P02,R2:kharif,soybean,9473.0,ACCEPT,0.894,0.309574,1120031581,SYNTHETIC_EXPERIMENTAL,soybean,9473.0,REALISED
p1_dev,20260812,5ea24037c2d9cb6a,F0318,F0318-P01,R3:kharif,rice,3857.0,ACCEPT,0.844,0.703872,1120031581,SYNTHETIC_EXPERIMENTAL,rice,3857.0,REALISED
p1_dev,20260812,5ea24037c2d9cb6a,F0318,F0318-P02,R3:kharif,groundnut,244670.0,ACCEPT,0.844,0.198555,1120031581,SYNTHETIC_EXPERIMENTAL,groundnut,244670.0,REALISED
p1_dev,20260812,5ea24037c2d9cb6a,F0318,F0318-P03,R3:kharif,groundnut,289108.0,ACCEPT,0.844,0.654575,1120031581,SYNTHETIC_EXPERIMENTAL,groundnut,289108.0,REALISED
p1_dev,20260812,5ea24037c2d9cb6a,F0319,F0319-P01,R3:kharif,rice,885.0,ACCEPT,0.88,0.780541,1120031581,SYNTHETIC_EXPERIMENTAL,rice,885.0,REALISED
p1_dev,20260812,5ea24037c2d9cb6a,F0321,F0321-P01,R2:kharif,soybean,2313.0,REJECT,0.772,0.968005,1120031581,SYNTHETIC_EXPERIMENTAL,FALLOW_UNALLOCATED,0.0,REJECTED_FALLOW
p1_dev,20260812,5ea24037c2d9cb6a,F0322,F0322-P02,R3:kharif,rice,2079.0,REJECT,0.848,0.85528,1120031581,SYNTHETIC_EXPERIMENTAL,FALLOW_UNALLOCATED,0.0,REJECTED_FALLOW
p1_dev,20260812,5ea24037c2d9cb6a,F0323,F0323-P01,R5:kharif,soybean,5988.0,ACCEPT,0.86,0.458275,1120031581,SYNTHETIC_EXPERIMENTAL,soybean,5988.0,REALISED
p1_dev,20260812,5ea24037c2d9cb6a,F0328,F0328-P04,R2:kharif,onion,168510.0,ACCEPT,0.792,0.522906,1120031581,SYNTHETIC_EXPERIMENTAL,onion,168510.0,REALISED
p1_dev,20260812,5ea24037c2d9cb6a,F0329,F0329-P01,R1:kharif,maize,15730.0,ACCEPT,0.91,0.50746,1120031581,SYNTHETIC_EXPERIMENTAL,maize,15730.0,REALISED
p1_dev,20260812,5ea24037c2d9cb6a,F0330,F0330-P01,R3:kharif,rice,7673.0,ACCEPT,0.916,0.192436,1120031581,SYNTHETIC_EXPERIMENTAL,rice,7673.0,REALISED
p1_dev,20260812,5ea24037c2d9cb6a,F0334,F0334-P02,R1:kharif,maize,8862.0,ACCEPT,0.854,0.603792,1120031581,SYNTHETIC_EXPERIMENTAL,maize,8862.0,REALISED
p1_dev,20260812,5ea24037c2d9cb6a,F0336,F0336-P03,R3:kharif,groundnut,337257.0,REJECT,0.9,0.992679,1120031581,SYNTHETIC_EXPERIMENTAL,FALLOW_UNALLOCATED,0.0,REJECTED_FALLOW
p1_dev,20260812,5ea24037c2d9cb6a,F0337,F0337-P02,R3:kharif,groundnut,15802.0,ACCEPT,0.8,0.622748,1120031581,SYNTHETIC_EXPERIMENTAL,groundnut,15802.0,REALISED
p1_dev,20260812,5ea24037c2d9cb6a,F0339,F0339-P01,R2:kharif,onion,9855.0,ACCEPT,0.882,0.60761,1120031581,SYNTHETIC_EXPERIMENTAL,onion,9855.0,REALISED
p1_dev,20260812,5ea24037c2d9cb6a,F0340,F0340-P01,R3:kharif,rice,3736.0,ACCEPT,0.85,0.515077,1120031581,SYNTHETIC_EXPERIMENTAL,rice,3736.0,REALISED
p1_dev,20260812,5ea24037c2d9cb6a,F0341,F0341-P02,R3:kharif,groundnut,46028.0,ACCEPT,0.842,0.321948,1120031581,SYNTHETIC_EXPERIMENTAL,groundnut,46028.0,REALISED
p1_dev,20260812,5ea24037c2d9cb6a,F0342,F0342-P01,R5:kharif,rice,3044.0,ACCEPT,0.846,0.407407,1120031581,SYNTHETIC_EXPERIMENTAL,rice,3044.0,REALISED
p1_dev,20260812,5ea24037c2d9cb6a,F0345,F0345-P01,R2:kharif,soybean,33311.0,REJECT,0.88,0.91034,1120031581,SYNTHETIC_EXPERIMENTAL,FALLOW_UNALLOCATED,0.0,REJECTED_FALLOW
p1_dev,20260812,5ea24037c2d9cb6a,F0346,F0346-P01,R1:kharif,maize,24526.0,ACCEPT,0.802,0.368581,1120031581,SYNTHETIC_EXPERIMENTAL,maize,24526.0,REALISED
p1_dev,20260812,5ea24037c2d9cb6a,F0348,F0348-P01,R3:kharif,rice,2562.0,ACCEPT,0.816,0.42981,1120031581,SYNTHETIC_EXPERIMENTAL,rice,2562.0,REALISED
p1_dev,20260812,5ea24037c2d9cb6a,F0350,F0350-P02,R3:kharif,rice,1744.0,ACCEPT,0.908,0.200535,1120031581,SYNTHETIC_EXPERIMENTAL,rice,1744.0,REALISED
p1_dev,20260812,5ea24037c2d9cb6a,F0351,F0351-P01,R3:kharif,rice,2435.0,ACCEPT,0.92,0.644516,1120031581,SYNTHETIC_EXPERIMENTAL,rice,2435.0,REALISED
p1_dev,20260812,5ea24037c2d9cb6a,F0351,F0351-P02,R3:kharif,rice,3005.0,REJECT,0.92,0.968759,1120031581,SYNTHETIC_EXPERIMENTAL,FALLOW_UNALLOCATED,0.0,REJECTED_FALLOW
p1_dev,20260812,5ea24037c2d9cb6a,F0352,F0352-P01,R2:kharif,soybean,1788.0,ACCEPT,0.806,0.048751,1120031581,SYNTHETIC_EXPERIMENTAL,soybean,1788.0,REALISED
p1_dev,20260812,5ea24037c2d9cb6a,F0354,F0354-P01,R5:kharif,onion,918016.0,ACCEPT,0.802,0.216503,1120031581,SYNTHETIC_EXPERIMENTAL,onion,918016.0,REALISED
p1_dev,20260812,5ea24037c2d9cb6a,F0354,F0354-P02,R5:kharif,maize,39183.0,ACCEPT,0.802,0.474206,1120031581,SYNTHETIC_EXPERIMENTAL,maize,39183.0,REALISED
p1_dev,20260812,5ea24037c2d9cb6a,F0355,F0355-P01,R3:kharif,rice,6982.0,ACCEPT,0.828,0.229376,1120031581,SYNTHETIC_EXPERIMENTAL,rice,6982.0,REALISED
p1_dev,20260812,5ea24037c2d9cb6a,F0355,F0355-P02,R3:kharif,rice,3427.0,ACCEPT,0.828,0.807372,1120031581,SYNTHETIC_EXPERIMENTAL,rice,3427.0,REALISED
p1_dev,20260812,5ea24037c2d9cb6a,F0356,F0356-P01,R1:kharif,maize,31067.0,REJECT,0.866,0.866815,1120031581,SYNTHETIC_EXPERIMENTAL,FALLOW_UNALLOCATED,0.0,REJECTED_FALLOW
p1_dev,20260812,5ea24037c2d9cb6a,F0356,F0356-P02,R1:kharif,maize,2583.0,ACCEPT,0.866,0.013929,1120031581,SYNTHETIC_EXPERIMENTAL,maize,2583.0,REALISED
p1_dev,20260812,5ea24037c2d9cb6a,F0358,F0358-P02,R5:kharif,pigeon_pea,4354.0,ACCEPT,0.896,0.727514,1120031581,SYNTHETIC_EXPERIMENTAL,pigeon_pea,4354.0,REALISED
p1_dev,20260812,5ea24037c2d9cb6a,F0359,F0359-P01,R5:kharif,pigeon_pea,36947.0,ACCEPT,0.782,0.701634,1120031581,SYNTHETIC_EXPERIMENTAL,pigeon_pea,36947.0,REALISED
p1_dev,20260812,5ea24037c2d9cb6a,F0362,F0362-P01,R2:kharif,soybean,3433.0,REJECT,0.822,0.987501,1120031581,SYNTHETIC_EXPERIMENTAL,FALLOW_UNALLOCATED,0.0,REJECTED_FALLOW
p1_dev,20260812,5ea24037c2d9cb6a,F0363,F0363-P01,R3:kharif,rice,6882.0,ACCEPT,0.802,0.491738,1120031581,SYNTHETIC_EXPERIMENTAL,rice,6882.0,REALISED
p1_dev,20260812,5ea24037c2d9cb6a,F0365,F0365-P02,R2:kharif,soybean,2613.0,ACCEPT,0.812,0.578769,1120031581,SYNTHETIC_EXPERIMENTAL,soybean,2613.0,REALISED
p1_dev,20260812,5ea24037c2d9cb6a,F0365,F0365-P03,R2:kharif,onion,3658.0,REJECT,0.812,0.992136,1120031581,SYNTHETIC_EXPERIMENTAL,FALLOW_UNALLOCATED,0.0,REJECTED_FALLOW
p1_dev,20260812,5ea24037c2d9cb6a,F0366,F0366-P02,R1:kharif,maize,7292.0,ACCEPT,0.894,0.837771,1120031581,SYNTHETIC_EXPERIMENTAL,maize,7292.0,REALISED
p1_dev,20260812,5ea24037c2d9cb6a,F0367,F0367-P02,R5:kharif,onion,101526.0,ACCEPT,0.874,0.127299,1120031581,SYNTHETIC_EXPERIMENTAL,onion,101526.0,REALISED
p1_dev,20260812,5ea24037c2d9cb6a,F0368,F0368-P01,R5:kharif,maize,6813.0,ACCEPT,0.86,0.783605,1120031581,SYNTHETIC_EXPERIMENTAL,maize,6813.0,REALISED
p1_dev,20260812,5ea24037c2d9cb6a,F0370,F0370-P01,R5:kharif,maize,14221.0,ACCEPT,0.838,0.143359,1120031581,SYNTHETIC_EXPERIMENTAL,maize,14221.0,REALISED
p1_dev,20260812,5ea24037c2d9cb6a,F0371,F0371-P01,R1:kharif,maize,6835.0,ACCEPT,0.794,0.431653,1120031581,SYNTHETIC_EXPERIMENTAL,maize,6835.0,REALISED
p1_dev,20260812,5ea24037c2d9cb6a,F0371,F0371-P03,R1:kharif,maize,49805.0,ACCEPT,0.794,0.772034,1120031581,SYNTHETIC_EXPERIMENTAL,maize,49805.0,REALISED
p1_dev,20260812,5ea24037c2d9cb6a,F0372,F0372-P01,R2:kharif,soybean,19286.0,ACCEPT,0.882,0.041646,1120031581,SYNTHETIC_EXPERIMENTAL,soybean,19286.0,REALISED
p1_dev,20260812,5ea24037c2d9cb6a,F0372,F0372-P03,R2:kharif,soybean,3888.0,ACCEPT,0.882,0.513821,1120031581,SYNTHETIC_EXPERIMENTAL,soybean,3888.0,REALISED
p1_dev,20260812,5ea24037c2d9cb6a,F0374,F0374-P01,R1:kharif,maize,38719.0,ACCEPT,0.918,0.400788,1120031581,SYNTHETIC_EXPERIMENTAL,maize,38719.0,REALISED
p1_dev,20260812,5ea24037c2d9cb6a,F0374,F0374-P04,R1:kharif,maize,40681.0,ACCEPT,0.918,0.749522,1120031581,SYNTHETIC_EXPERIMENTAL,maize,40681.0,REALISED
p1_dev,20260812,5ea24037c2d9cb6a,F0375,F0375-P02,R1:kharif,maize,27502.0,ACCEPT,0.818,0.724097,1120031581,SYNTHETIC_EXPERIMENTAL,maize,27502.0,REALISED
p1_dev,20260812,5ea24037c2d9cb6a,F0375,F0375-P03,R1:kharif,maize,10530.0,ACCEPT,0.818,0.338522,1120031581,SYNTHETIC_EXPERIMENTAL,maize,10530.0,REALISED
p1_dev,20260812,5ea24037c2d9cb6a,F0376,F0376-P02,R1:kharif,maize,23218.0,REJECT,0.786,0.998047,1120031581,SYNTHETIC_EXPERIMENTAL,FALLOW_UNALLOCATED,0.0,REJECTED_FALLOW
p1_dev,20260812,5ea24037c2d9cb6a,F0377,F0377-P01,R3:kharif,rice,1791.0,REJECT,0.828,0.926431,1120031581,SYNTHETIC_EXPERIMENTAL,FALLOW_UNALLOCATED,0.0,REJECTED_FALLOW
p1_dev,20260812,5ea24037c2d9cb6a,F0378,F0378-P02,R4:kharif,groundnut,29281.0,ACCEPT,0.792,0.280135,1120031581,SYNTHETIC_EXPERIMENTAL,groundnut,29281.0,REALISED
p1_dev,20260812,5ea24037c2d9cb6a,F0379,F0379-P02,R5:kharif,maize,6571.0,ACCEPT,0.832,0.593001,1120031581,SYNTHETIC_EXPERIMENTAL,maize,6571.0,REALISED
p1_dev,20260812,5ea24037c2d9cb6a,F0381,F0381-P01,R5:kharif,cotton,8010.0,ACCEPT,0.872,0.824668,1120031581,SYNTHETIC_EXPERIMENTAL,cotton,8010.0,REALISED
p1_dev,20260812,5ea24037c2d9cb6a,F0382,F0382-P01,R2:kharif,soybean,2867.0,ACCEPT,0.848,0.174697,1120031581,SYNTHETIC_EXPERIMENTAL,soybean,2867.0,REALISED
p1_dev,20260812,5ea24037c2d9cb6a,F0387,F0387-P02,R3:kharif,rice,1603.0,REJECT,0.784,0.939873,1120031581,SYNTHETIC_EXPERIMENTAL,FALLOW_UNALLOCATED,0.0,REJECTED_FALLOW
p1_dev,20260812,5ea24037c2d9cb6a,F0387,F0387-P03,R3:kharif,rice,3434.0,ACCEPT,0.784,0.581897,1120031581,SYNTHETIC_EXPERIMENTAL,rice,3434.0,REALISED
p1_dev,20260812,5ea24037c2d9cb6a,F0388,F0388-P02,R1:kharif,maize,5101.0,ACCEPT,0.848,0.364038,1120031581,SYNTHETIC_EXPERIMENTAL,maize,5101.0,REALISED
p1_dev,20260812,5ea24037c2d9cb6a,F0392,F0392-P01,R1:kharif,maize,15141.0,ACCEPT,0.788,0.004807,1120031581,SYNTHETIC_EXPERIMENTAL,maize,15141.0,REALISED
p1_dev,20260812,5ea24037c2d9cb6a,F0394,F0394-P02,R3:kharif,rice,1945.0,ACCEPT,0.864,0.674187,1120031581,SYNTHETIC_EXPERIMENTAL,rice,1945.0,REALISED
p1_dev,20260812,5ea24037c2d9cb6a,F0398,F0398-P01,R5:kharif,onion,122818.0,ACCEPT,0.798,0.035344,1120031581,SYNTHETIC_EXPERIMENTAL,onion,122818.0,REALISED
p1_dev,20260812,5ea24037c2d9cb6a,F0398,F0398-P02,R5:kharif,sorghum,6633.0,ACCEPT,0.798,0.169473,1120031581,SYNTHETIC_EXPERIMENTAL,sorghum,6633.0,REALISED
p1_dev,20260812,5ea24037c2d9cb6a,F0398,F0398-P03,R5:kharif,maize,13532.0,ACCEPT,0.798,0.42306,1120031581,SYNTHETIC_EXPERIMENTAL,maize,13532.0,REALISED
p1_dev,20260812,5ea24037c2d9cb6a,F0399,F0399-P02,R1:kharif,maize,6475.0,ACCEPT,0.894,0.336767,1120031581,SYNTHETIC_EXPERIMENTAL,maize,6475.0,REALISED
p1_dev,20260812,5ea24037c2d9cb6a,F0400,F0400-P02,R3:kharif,rice,11074.0,ACCEPT,0.816,0.17125,1120031581,SYNTHETIC_EXPERIMENTAL,rice,11074.0,REALISED
p1_dev,20260812,5ea24037c2d9cb6a,F0403,F0403-P01,R2:kharif,soybean,2642.0,ACCEPT,0.85,0.843031,1120031581,SYNTHETIC_EXPERIMENTAL,soybean,2642.0,REALISED
p1_dev,20260812,5ea24037c2d9cb6a,F0404,F0404-P02,R3:kharif,rice,1382.0,ACCEPT,0.872,0.662201,1120031581,SYNTHETIC_EXPERIMENTAL,rice,1382.0,REALISED
p1_dev,20260812,5ea24037c2d9cb6a,F0405,F0405-P01,R1:kharif,maize,3009.0,ACCEPT,0.85,0.298801,1120031581,SYNTHETIC_EXPERIMENTAL,maize,3009.0,REALISED
p1_dev,20260812,5ea24037c2d9cb6a,F0405,F0405-P02,R1:kharif,maize,55299.0,ACCEPT,0.85,0.327574,1120031581,SYNTHETIC_EXPERIMENTAL,maize,55299.0,REALISED
p1_dev,20260812,5ea24037c2d9cb6a,F0406,F0406-P01,R3:kharif,rice,1449.0,ACCEPT,0.836,0.767444,1120031581,SYNTHETIC_EXPERIMENTAL,rice,1449.0,REALISED
p1_dev,20260812,5ea24037c2d9cb6a,F0406,F0406-P02,R3:kharif,rice,1744.0,REJECT,0.836,0.898495,1120031581,SYNTHETIC_EXPERIMENTAL,FALLOW_UNALLOCATED,0.0,REJECTED_FALLOW
p1_dev,20260812,5ea24037c2d9cb6a,F0408,F0408-P01,R2:kharif,soybean,7084.0,ACCEPT,0.862,0.646455,1120031581,SYNTHETIC_EXPERIMENTAL,soybean,7084.0,REALISED
p1_dev,20260812,5ea24037c2d9cb6a,F0408,F0408-P02,R2:kharif,soybean,5902.0,REJECT,0.862,0.884826,1120031581,SYNTHETIC_EXPERIMENTAL,FALLOW_UNALLOCATED,0.0,REJECTED_FALLOW
p1_dev,20260812,5ea24037c2d9cb6a,F0412,F0412-P02,R2:kharif,soybean,704.0,ACCEPT,0.824,0.802296,1120031581,SYNTHETIC_EXPERIMENTAL,soybean,704.0,REALISED
p1_dev,20260812,5ea24037c2d9cb6a,F0413,F0413-P03,R3:kharif,rice,2918.0,REJECT,0.894,0.947252,1120031581,SYNTHETIC_EXPERIMENTAL,FALLOW_UNALLOCATED,0.0,REJECTED_FALLOW
p1_dev,20260812,5ea24037c2d9cb6a,F0414,F0414-P01,R2:kharif,soybean,6756.0,ACCEPT,0.906,0.7199,1120031581,SYNTHETIC_EXPERIMENTAL,soybean,6756.0,REALISED
p1_dev,20260812,5ea24037c2d9cb6a,F0415,F0415-P01,R1:kharif,maize,3139.0,ACCEPT,0.88,0.068623,1120031581,SYNTHETIC_EXPERIMENTAL,maize,3139.0,REALISED
p1_dev,20260812,5ea24037c2d9cb6a,F0415,F0415-P02,R1:kharif,maize,36855.0,ACCEPT,0.88,0.493494,1120031581,SYNTHETIC_EXPERIMENTAL,maize,36855.0,REALISED
p1_dev,20260812,5ea24037c2d9cb6a,F0417,F0417-P02,R2:kharif,soybean,14457.0,REJECT,0.866,0.870218,1120031581,SYNTHETIC_EXPERIMENTAL,FALLOW_UNALLOCATED,0.0,REJECTED_FALLOW
p1_dev,20260812,5ea24037c2d9cb6a,F0418,F0418-P02,R3:kharif,rice,2582.0,REJECT,0.926,0.955283,1120031581,SYNTHETIC_EXPERIMENTAL,FALLOW_UNALLOCATED,0.0,REJECTED_FALLOW
p1_dev,20260812,5ea24037c2d9cb6a,F0420,F0420-P01,R2:kharif,soybean,5238.0,REJECT,0.858,0.960498,1120031581,SYNTHETIC_EXPERIMENTAL,FALLOW_UNALLOCATED,0.0,REJECTED_FALLOW
p1_dev,20260812,5ea24037c2d9cb6a,F0423,F0423-P01,R5:kharif,pigeon_pea,67735.0,REJECT,0.852,0.916067,1120031581,SYNTHETIC_EXPERIMENTAL,FALLOW_UNALLOCATED,0.0,REJECTED_FALLOW
p1_dev,20260812,5ea24037c2d9cb6a,F0424,F0424-P02,R1:kharif,maize,1439.0,ACCEPT,0.862,0.278426,1120031581,SYNTHETIC_EXPERIMENTAL,maize,1439.0,REALISED
p1_dev,20260812,5ea24037c2d9cb6a,F0425,F0425-P01,R5:kharif,onion,36612.0,ACCEPT,0.79,0.592202,1120031581,SYNTHETIC_EXPERIMENTAL,onion,36612.0,REALISED
p1_dev,20260812,5ea24037c2d9cb6a,F0427,F0427-P01,R4:kharif,groundnut,32304.0,ACCEPT,0.842,0.422124,1120031581,SYNTHETIC_EXPERIMENTAL,groundnut,32304.0,REALISED
p1_dev,20260812,5ea24037c2d9cb6a,F0428,F0428-P02,R1:kharif,maize,55102.0,ACCEPT,0.782,0.688651,1120031581,SYNTHETIC_EXPERIMENTAL,maize,55102.0,REALISED
p1_dev,20260812,5ea24037c2d9cb6a,F0428,F0428-P04,R1:kharif,maize,62166.0,ACCEPT,0.782,0.437093,1120031581,SYNTHETIC_EXPERIMENTAL,maize,62166.0,REALISED
p1_dev,20260812,5ea24037c2d9cb6a,F0430,F0430-P01,R1:kharif,maize,57621.0,ACCEPT,0.882,0.776965,1120031581,SYNTHETIC_EXPERIMENTAL,maize,57621.0,REALISED
p1_dev,20260812,5ea24037c2d9cb6a,F0431,F0431-P01,R1:kharif,maize,12230.0,ACCEPT,0.798,0.709808,1120031581,SYNTHETIC_EXPERIMENTAL,maize,12230.0,REALISED
p1_dev,20260812,5ea24037c2d9cb6a,F0431,F0431-P02,R1:kharif,maize,34337.0,REJECT,0.798,0.830074,1120031581,SYNTHETIC_EXPERIMENTAL,FALLOW_UNALLOCATED,0.0,REJECTED_FALLOW
p1_dev,20260812,5ea24037c2d9cb6a,F0433,F0433-P01,R5:kharif,rice,3534.0,ACCEPT,0.886,0.468971,1120031581,SYNTHETIC_EXPERIMENTAL,rice,3534.0,REALISED
p1_dev,20260812,5ea24037c2d9cb6a,F0435,F0435-P01,R3:kharif,rice,4266.0,ACCEPT,0.79,0.248897,1120031581,SYNTHETIC_EXPERIMENTAL,rice,4266.0,REALISED
p1_dev,20260812,5ea24037c2d9cb6a,F0436,F0436-P01,R5:kharif,cotton,32746.0,ACCEPT,0.908,0.150092,1120031581,SYNTHETIC_EXPERIMENTAL,cotton,32746.0,REALISED
p1_dev,20260812,5ea24037c2d9cb6a,F0438,F0438-P01,R1:kharif,maize,3957.0,REJECT,0.808,0.856421,1120031581,SYNTHETIC_EXPERIMENTAL,FALLOW_UNALLOCATED,0.0,REJECTED_FALLOW
p1_dev,20260812,5ea24037c2d9cb6a,F0440,F0440-P01,R5:kharif,maize,8097.0,ACCEPT,0.852,0.40151,1120031581,SYNTHETIC_EXPERIMENTAL,maize,8097.0,REALISED
p1_dev,20260812,5ea24037c2d9cb6a,F0443,F0443-P01,R5:kharif,onion,5583.0,ACCEPT,0.87,0.46632,1120031581,SYNTHETIC_EXPERIMENTAL,onion,5583.0,REALISED
p1_dev,20260812,5ea24037c2d9cb6a,F0445,F0445-P01,R3:kharif,rice,966.0,ACCEPT,0.796,0.552282,1120031581,SYNTHETIC_EXPERIMENTAL,rice,966.0,REALISED
p1_dev,20260812,5ea24037c2d9cb6a,F0445,F0445-P02,R3:kharif,groundnut,38922.0,ACCEPT,0.796,0.463558,1120031581,SYNTHETIC_EXPERIMENTAL,groundnut,38922.0,REALISED
p1_dev,20260812,5ea24037c2d9cb6a,F0448,F0448-P01,R1:kharif,maize,44703.0,ACCEPT,0.92,0.517749,1120031581,SYNTHETIC_EXPERIMENTAL,maize,44703.0,REALISED
p1_dev,20260812,5ea24037c2d9cb6a,F0451,F0451-P02,R5:kharif,cotton,5229.0,ACCEPT,0.77,0.559924,1120031581,SYNTHETIC_EXPERIMENTAL,cotton,5229.0,REALISED
p1_dev,20260812,5ea24037c2d9cb6a,F0453,F0453-P01,R5:kharif,onion,499839.0,ACCEPT,0.782,0.084169,1120031581,SYNTHETIC_EXPERIMENTAL,onion,499839.0,REALISED
p1_dev,20260812,5ea24037c2d9cb6a,F0453,F0453-P02,R5:kharif,maize,16008.0,ACCEPT,0.782,0.674293,1120031581,SYNTHETIC_EXPERIMENTAL,maize,16008.0,REALISED
p1_dev,20260812,5ea24037c2d9cb6a,F0459,F0459-P01,R5:kharif,maize,8507.0,ACCEPT,0.866,0.404744,1120031581,SYNTHETIC_EXPERIMENTAL,maize,8507.0,REALISED
p1_dev,20260812,5ea24037c2d9cb6a,F0459,F0459-P02,R5:kharif,sorghum,5124.0,ACCEPT,0.866,0.471245,1120031581,SYNTHETIC_EXPERIMENTAL,sorghum,5124.0,REALISED
p1_dev,20260812,5ea24037c2d9cb6a,F0460,F0460-P02,R3:kharif,rice,2576.0,ACCEPT,0.912,0.765813,1120031581,SYNTHETIC_EXPERIMENTAL,rice,2576.0,REALISED
p1_dev,20260812,5ea24037c2d9cb6a,F0465,F0465-P01,R2:kharif,soybean,2400.0,REJECT,0.914,0.94222,1120031581,SYNTHETIC_EXPERIMENTAL,FALLOW_UNALLOCATED,0.0,REJECTED_FALLOW
p1_dev,20260812,5ea24037c2d9cb6a,F0470,F0470-P01,R5:kharif,maize,35292.0,ACCEPT,0.784,0.438645,1120031581,SYNTHETIC_EXPERIMENTAL,maize,35292.0,REALISED
p1_dev,20260812,5ea24037c2d9cb6a,F0471,F0471-P01,R2:kharif,soybean,2313.0,ACCEPT,0.872,0.47466,1120031581,SYNTHETIC_EXPERIMENTAL,soybean,2313.0,REALISED
p1_dev,20260812,5ea24037c2d9cb6a,F0472,F0472-P02,R3:kharif,groundnut,226005.0,ACCEPT,0.774,0.586964,1120031581,SYNTHETIC_EXPERIMENTAL,groundnut,226005.0,REALISED
p1_dev,20260812,5ea24037c2d9cb6a,F0478,F0478-P01,R1:kharif,maize,31590.0,ACCEPT,0.844,0.025982,1120031581,SYNTHETIC_EXPERIMENTAL,maize,31590.0,REALISED
p1_dev,20260812,5ea24037c2d9cb6a,F0478,F0478-P03,R1:kharif,maize,40714.0,REJECT,0.844,0.963346,1120031581,SYNTHETIC_EXPERIMENTAL,FALLOW_UNALLOCATED,0.0,REJECTED_FALLOW
p1_dev,20260812,5ea24037c2d9cb6a,F0479,F0479-P01,R3:kharif,rice,2401.0,ACCEPT,0.78,0.306289,1120031581,SYNTHETIC_EXPERIMENTAL,rice,2401.0,REALISED
p1_dev,20260812,5ea24037c2d9cb6a,F0481,F0481-P02,R3:kharif,rice,490.0,ACCEPT,0.898,0.678443,1120031581,SYNTHETIC_EXPERIMENTAL,rice,490.0,REALISED
p1_dev,20260812,5ea24037c2d9cb6a,F0483,F0483-P02,R2:kharif,soybean,1662.0,REJECT,0.778,0.881288,1120031581,SYNTHETIC_EXPERIMENTAL,FALLOW_UNALLOCATED,0.0,REJECTED_FALLOW
p1_dev,20260812,5ea24037c2d9cb6a,F0484,F0484-P01,R2:kharif,soybean,6081.0,ACCEPT,0.826,0.364275,1120031581,SYNTHETIC_EXPERIMENTAL,soybean,6081.0,REALISED
p1_dev,20260812,5ea24037c2d9cb6a,F0486,F0486-P01,R3:kharif,rice,2609.0,ACCEPT,0.904,0.702449,1120031581,SYNTHETIC_EXPERIMENTAL,rice,2609.0,REALISED
p1_dev,20260812,5ea24037c2d9cb6a,F0486,F0486-P02,R3:kharif,groundnut,4348.0,ACCEPT,0.904,0.500219,1120031581,SYNTHETIC_EXPERIMENTAL,groundnut,4348.0,REALISED
p1_dev,20260812,5ea24037c2d9cb6a,F0488,F0488-P02,R3:kharif,rice,2723.0,ACCEPT,0.916,0.52329,1120031581,SYNTHETIC_EXPERIMENTAL,rice,2723.0,REALISED
p1_dev,20260812,5ea24037c2d9cb6a,F0489,F0489-P01,R3:kharif,rice,2911.0,ACCEPT,0.926,0.473523,1120031581,SYNTHETIC_EXPERIMENTAL,rice,2911.0,REALISED
p1_dev,20260812,5ea24037c2d9cb6a,F0490,F0490-P01,R1:kharif,maize,7718.0,ACCEPT,0.926,0.321483,1120031581,SYNTHETIC_EXPERIMENTAL,maize,7718.0,REALISED
p1_dev,20260812,5ea24037c2d9cb6a,F0491,F0491-P01,R5:kharif,sorghum,9887.0,ACCEPT,0.872,0.34254,1120031581,SYNTHETIC_EXPERIMENTAL,sorghum,9887.0,REALISED
p1_dev,20260812,5ea24037c2d9cb6a,F0492,F0492-P01,R5:kharif,onion,37910.0,ACCEPT,0.876,0.457896,1120031581,SYNTHETIC_EXPERIMENTAL,onion,37910.0,REALISED
p1_dev,20260812,5ea24037c2d9cb6a,F0492,F0492-P02,R5:kharif,maize,13812.0,ACCEPT,0.876,0.196801,1120031581,SYNTHETIC_EXPERIMENTAL,maize,13812.0,REALISED
p1_dev,20260812,5ea24037c2d9cb6a,F0493,F0493-P01,R3:kharif,rice,2482.0,ACCEPT,0.812,0.320199,1120031581,SYNTHETIC_EXPERIMENTAL,rice,2482.0,REALISED
p1_dev,20260812,5ea24037c2d9cb6a,F0496,F0496-P01,R5:kharif,maize,48936.0,REJECT,0.888,0.998036,1120031581,SYNTHETIC_EXPERIMENTAL,FALLOW_UNALLOCATED,0.0,REJECTED_FALLOW
p1_dev,20260812,5ea24037c2d9cb6a,F0496,F0496-P02,R5:kharif,onion,27264.0,ACCEPT,0.888,0.226822,1120031581,SYNTHETIC_EXPERIMENTAL,onion,27264.0,REALISED
p1_dev,20260812,5ea24037c2d9cb6a,F0496,F0496-P03,R5:kharif,onion,114898.0,ACCEPT,0.888,0.791408,1120031581,SYNTHETIC_EXPERIMENTAL,onion,114898.0,REALISED
p1_dev,20260812,5ea24037c2d9cb6a,F0497,F0497-P01,R5:kharif,sorghum,582.0,ACCEPT,0.8,0.418327,1120031581,SYNTHETIC_EXPERIMENTAL,sorghum,582.0,REALISED
p1_dev,20260812,5ea24037c2d9cb6a,F0499,F0499-P02,R2:kharif,soybean,265.0,ACCEPT,0.794,0.71639,1120031581,SYNTHETIC_EXPERIMENTAL,soybean,265.0,REALISED
