seed,alpha,status,optimal,failed_stage,runtime_s,planned_cash,initial_realized_cash,recommended_revised_cash,final_realized_cash,final_vs_planned_ratio,max_LPS,mean_HHI,median_HHI,n_active_crops,target_violations
192338,0.33,Optimal,True,,12.71238420001464,15546253.0,11790321.0,14007394.0,12820031.0,0.8246380011955292,0.33,0.0855,0.0682,8,0
192338,0.4,Optimal,True,,12.508657600003062,15546253.0,11790321.0,14230948.0,13040311.0,0.8388073319017773,0.3864,0.0966,0.0682,8,0
192338,0.5,Optimal,True,,13.211605499993311,15546253.0,11790321.0,14246069.0,13055432.0,0.8397799778506113,0.4428,0.105,0.0682,8,0
192338,0.6,Optimal,True,,12.566958500014152,15546253.0,11790321.0,14246069.0,13055432.0,0.8397799778506113,0.4428,0.105,0.0682,8,0
192338,1.0,Optimal,True,,12.075444600021001,15546253.0,11790321.0,14246069.0,13055432.0,0.8397799778506113,0.4428,0.105,0.0682,8,0
196157,0.33,Infeasible,False,proposed.reopt_phase3,10.311796399997547,,,,,,,,,,
196157,0.4,Infeasible,False,proposed.reopt_phase3,10.287327900005039,,,,,,,,,,
196157,0.5,Infeasible,False,proposed.reopt_phase3,10.288466000027256,,,,,,,,,,
196157,0.6,Infeasible,False,proposed.reopt_phase3,10.292744300008053,,,,,,,,,,
196157,1.0,Infeasible,False,proposed.reopt_phase3,10.453552399994805,,,,,,,,,,
200768,0.33,Optimal,True,,12.166952800005674,13630319.0,11635891.0,12506813.0,12381816.0,0.908402510608886,0.33,0.0697,0.0577,7,0
200768,0.4,Optimal,True,,12.42561070001102,13630319.0,11635891.0,12517039.0,12398110.0,0.9095979338414604,0.3997,0.079,0.0577,7,0
200768,0.5,Optimal,True,,11.73466119999648,13630319.0,11635891.0,12523723.0,12404794.0,0.9100883112126723,0.4637,0.0881,0.0577,7,0
200768,0.6,Optimal,True,,12.488962200004607,13630319.0,11635891.0,12529923.0,12410994.0,0.9105431795103255,0.5282,0.1404,0.068,8,0
200768,1.0,Optimal,True,,12.12806700001238,13630319.0,11635891.0,12541633.0,12422704.0,0.9114022936660543,0.633,0.1575,0.068,8,0
222335,0.33,Optimal,True,,38.08993799999007,11534841.0,10274913.0,11099704.0,10985061.0,0.9523374444433175,0.2127,0.0636,0.0614,7,0
222335,0.4,Optimal,True,,24.347568400000455,11534841.0,10274913.0,11099604.0,11036810.0,0.9568237654944702,0.3356,0.0722,0.0614,7,0
222335,0.5,Optimal,True,,38.896709299995564,11534841.0,10274913.0,11099604.0,11036810.0,0.9568237654944702,0.3356,0.0722,0.0614,7,0
222335,0.6,Optimal,True,,38.40135729999747,11534841.0,10274913.0,11107220.0,11061737.0,0.9589847835787246,0.5946,0.1267,0.0619,8,0
222335,1.0,Optimal,True,,24.122853000008035,11534841.0,10274913.0,11113464.0,11067981.0,0.9595261000996893,1.0,0.1883,0.0619,8,0
262122,0.33,Optimal,True,,15.36096260001068,13082045.0,10611409.0,11897166.0,11633062.0,0.8892388002028735,0.2345,0.0637,0.0533,7,0
262122,0.4,Optimal,True,,13.239471200009575,13082045.0,10611409.0,12009112.0,11616402.0,0.8879652990033287,0.3669,0.1015,0.07,8,0
262122,0.5,Optimal,True,,14.32672700000694,13082045.0,10611409.0,12014754.0,11622044.0,0.8883965771406535,0.4305,0.1104,0.07,8,0
262122,0.6,Optimal,True,,13.725566100009019,13082045.0,10611409.0,12014754.0,11622044.0,0.8883965771406535,0.4305,0.1104,0.07,8,0
262122,1.0,Optimal,True,,12.817821500007994,13082045.0,10611409.0,12017772.0,11622044.0,0.8883965771406535,0.6021,0.1315,0.07,8,0
288572,0.33,Optimal,True,,13.95563559999573,13650763.0,10124938.0,11212101.0,10903871.0,0.798773738874523,0.3238,0.1119,0.0971,8,0
288572,0.4,Optimal,True,,13.464615700009745,13650763.0,10124938.0,11350602.0,11042372.0,0.8089197651442633,0.3993,0.1169,0.0867,8,0
288572,0.5,Optimal,True,,13.941904800012708,13650763.0,10124938.0,11375643.0,11067413.0,0.8107541681003472,0.4326,0.1231,0.0867,8,0
288572,0.6,Optimal,True,,13.805153499997687,13650763.0,10124938.0,11493046.0,11184816.0,0.8193546397369876,0.5883,0.1364,0.0867,8,0
288572,1.0,Optimal,True,,13.414057999994839,13650763.0,10124938.0,11612953.0,11304723.0,0.8281385443436385,1.0,0.2024,0.0867,8,0
320290,0.33,Optimal,True,,13.599433499999577,13411971.0,11223008.0,12852555.0,12500983.0,0.9320765009110145,0.2253,0.0722,0.0717,7,0
320290,0.4,Optimal,True,,13.084870699996827,13411971.0,11223008.0,12852555.0,12500983.0,0.9320765009110145,0.2253,0.0722,0.0717,7,0
320290,0.5,Optimal,True,,12.928762199997436,13411971.0,11223008.0,12852555.0,12500983.0,0.9320765009110145,0.2253,0.0722,0.0717,7,0
320290,0.6,Optimal,True,,13.289556300005643,13411971.0,11223008.0,12852555.0,12500983.0,0.9320765009110145,0.2253,0.0722,0.0717,7,0
320290,1.0,Optimal,True,,12.425253900000826,13411971.0,11223008.0,12852555.0,12500983.0,0.9320765009110145,0.2253,0.0722,0.0717,7,0
321611,0.33,Optimal,True,,66.88842229999136,12871171.0,10211148.0,11387991.0,11239293.0,0.8732144884097958,0.3224,0.0762,0.0642,8,0
321611,0.4,Optimal,True,,51.29858060000697,12871171.0,10211148.0,11405320.0,11256622.0,0.8745608305569089,0.3963,0.0893,0.0665,8,0
321611,0.5,Optimal,True,,51.708656300004805,12871171.0,10211148.0,11422945.0,11274247.0,0.8759301698345862,0.4388,0.0973,0.0665,8,0
321611,0.6,Optimal,True,,59.452799199993024,12871171.0,10211148.0,11422945.0,11274247.0,0.8759301698345862,0.4388,0.0973,0.0665,8,0
321611,1.0,Optimal,True,,52.42824360000668,12871171.0,10211148.0,11427218.0,11278520.0,0.8762621520606012,0.7203,0.1209,0.0642,8,0
331297,0.33,Optimal,True,,14.568975900008809,14555507.0,11681842.0,13915169.0,13234999.0,0.9092777736976115,0.3258,0.0921,0.057,8,0
331297,0.4,Optimal,True,,15.229219800006831,14555507.0,11681842.0,13981819.0,13301649.0,0.9138567966062604,0.3664,0.0996,0.0555,8,0
331297,0.5,Optimal,True,,14.958757300017169,14555507.0,11681842.0,13983513.0,13303343.0,0.913973178673886,0.4744,0.1084,0.0558,8,0
331297,0.6,Optimal,True,,15.081296700023813,14555507.0,11681842.0,13985481.0,13305311.0,0.914108385231789,0.5003,0.113,0.0555,8,0
331297,1.0,Optimal,True,,14.479133999993792,14555507.0,11681842.0,13985481.0,13305311.0,0.914108385231789,0.5003,0.113,0.0555,8,0
385101,0.33,Optimal,True,,14.6958980000054,13497163.0,11318677.0,13148351.0,12988869.0,0.9623406785559306,0.3179,0.0774,0.0665,7,0
385101,0.4,Optimal,True,,15.410113199992338,13497163.0,11318677.0,13148351.0,12988869.0,0.9623406785559306,0.3179,0.0774,0.0665,7,0
385101,0.5,Optimal,True,,14.90557400000398,13497163.0,11318677.0,13148351.0,12988869.0,0.9623406785559306,0.3179,0.0774,0.0665,7,0
385101,0.6,Optimal,True,,15.0208848999755,13497163.0,11318677.0,13148351.0,12988869.0,0.9623406785559306,0.3179,0.0774,0.0665,7,0
385101,1.0,Optimal,True,,13.833481499983463,13497163.0,11318677.0,13148351.0,12988869.0,0.9623406785559306,0.3179,0.0774,0.0665,7,0
449132,0.33,Optimal,True,,14.245199900004081,12906260.0,10000947.0,11207388.0,11070413.0,0.8577553063397142,0.3298,0.1052,0.101,8,0
449132,0.4,Optimal,True,,14.444832600012887,12906260.0,10000947.0,11260117.0,11132527.0,0.8625680096325349,0.3667,0.1121,0.101,8,0
449132,0.5,Optimal,True,,14.43922780000139,12906260.0,10000947.0,11279572.0,11147025.0,0.8636913404812858,0.4475,0.1232,0.101,8,0
449132,0.6,Optimal,True,,14.444378799991682,12906260.0,10000947.0,11279572.0,11147025.0,0.8636913404812858,0.4475,0.1232,0.101,8,0
449132,1.0,Optimal,True,,13.777453599992441,12906260.0,10000947.0,11279572.0,11147025.0,0.8636913404812858,0.4475,0.1232,0.101,8,0
496928,0.33,Infeasible,False,proposed.reopt_phase3,12.525314999977127,,,,,,,,,,
496928,0.4,Infeasible,False,proposed.reopt_phase3,11.639262899989262,,,,,,,,,,
496928,0.5,Infeasible,False,proposed.reopt_phase3,12.37168500002008,,,,,,,,,,
496928,0.6,Infeasible,False,proposed.reopt_phase3,12.71562560001621,,,,,,,,,,
496928,1.0,Infeasible,False,proposed.reopt_phase3,12.217557299998589,,,,,,,,,,
514942,0.33,Optimal,True,,13.074962499988033,13128152.0,10502129.0,11676355.0,11530878.0,0.8783321521566783,0.2329,0.0706,0.0598,7,0
514942,0.4,Optimal,True,,12.973244199994951,13128152.0,10502129.0,11676317.0,11530840.0,0.8783292576137144,0.2329,0.0706,0.0598,7,0
514942,0.5,Optimal,True,,12.779703500011237,13128152.0,10502129.0,11676317.0,11530840.0,0.8783292576137144,0.2329,0.0706,0.0598,7,0
514942,0.6,Optimal,True,,12.972766999999294,13128152.0,10502129.0,11676317.0,11530840.0,0.8783292576137144,0.2329,0.0706,0.0598,7,0
514942,1.0,Optimal,True,,12.560686200013151,13128152.0,10502129.0,11676317.0,11530840.0,0.8783292576137144,0.2329,0.0706,0.0598,7,0
52314,0.33,Optimal,True,,12.32390220000525,12922898.0,10495462.0,11556117.0,11138715.0,0.8619363087134171,0.3269,0.0927,0.0849,8,0
52314,0.4,Optimal,True,,26.931051699997624,12922898.0,10495462.0,11623246.0,11220156.0,0.8682383781099255,0.3885,0.1022,0.0819,8,0
52314,0.5,Optimal,True,,12.587111599976197,12922898.0,10495462.0,11800932.0,11404646.0,0.8825145876722079,0.4695,0.1201,0.081,8,0
52314,0.6,Optimal,True,,12.279348400013987,12922898.0,10495462.0,11800932.0,11404646.0,0.8825145876722079,0.4695,0.1201,0.081,8,0
52314,1.0,Optimal,True,,14.787886499980232,12922898.0,10495462.0,11800932.0,11404646.0,0.8825145876722079,0.4695,0.1201,0.081,8,0
57684,0.33,Optimal,True,,34.61700090000522,11768765.0,9892202.0,11552441.0,11429123.0,0.971140387287876,0.3081,0.0652,0.062,7,0
57684,0.4,Optimal,True,,13.069189900008496,11768765.0,9892202.0,11552441.0,11429123.0,0.971140387287876,0.3081,0.0652,0.062,7,0
57684,0.5,Optimal,True,,35.08354199997848,11768765.0,9892202.0,11552441.0,11429123.0,0.971140387287876,0.3081,0.0652,0.062,7,0
57684,0.6,Optimal,True,,21.968053900025552,11768765.0,9892202.0,11552441.0,11429123.0,0.971140387287876,0.3081,0.0652,0.062,7,0
57684,1.0,Optimal,True,,11.542378000012832,11768765.0,9892202.0,11561234.0,11437916.0,0.9718875345034079,1.0,0.182,0.0621,8,0
621609,0.33,Infeasible,False,proposed.reopt_phase3,11.821318200003589,,,,,,,,,,
621609,0.4,Infeasible,False,proposed.reopt_phase3,11.882910700020147,,,,,,,,,,
621609,0.5,Infeasible,False,proposed.reopt_phase3,11.87574499999755,,,,,,,,,,
621609,0.6,Infeasible,False,proposed.reopt_phase3,11.52099140000064,,,,,,,,,,
621609,1.0,Infeasible,False,proposed.reopt_phase3,11.705667500005802,,,,,,,,,,
627177,0.33,Infeasible,False,proposed.reopt_phase3,10.54063849998056,,,,,,,,,,
627177,0.4,Infeasible,False,proposed.reopt_phase3,10.635544499993557,,,,,,,,,,
627177,0.5,Infeasible,False,proposed.reopt_phase3,10.552090499986662,,,,,,,,,,
627177,0.6,Infeasible,False,proposed.reopt_phase3,10.371274200006155,,,,,,,,,,
627177,1.0,Infeasible,False,proposed.reopt_phase3,10.510207600018475,,,,,,,,,,
637394,0.33,Optimal,True,,13.732179100014037,12885185.0,10076401.0,11175225.0,11117216.0,0.862790561408315,0.3237,0.0848,0.0728,8,0
637394,0.4,Optimal,True,,13.25480689998949,12885185.0,10076401.0,11198084.0,11140075.0,0.8645646143225728,0.391,0.0885,0.075,8,0
637394,0.5,Optimal,True,,13.483290600008331,12885185.0,10076401.0,11229930.0,11171921.0,0.8670361349099761,0.4859,0.0992,0.0728,8,0
637394,0.6,Optimal,True,,13.324020900006872,12885185.0,10076401.0,11266561.0,11208552.0,0.8698790122144152,0.5641,0.1081,0.075,8,0
637394,1.0,Optimal,True,,12.891473299998324,12885185.0,10076401.0,11271730.0,11213721.0,0.8702801705990252,0.7871,0.1351,0.0728,8,0
651976,0.33,Optimal,True,,14.411559900006978,14283115.0,12319403.0,13504121.0,13162775.0,0.9215619281928347,0.1934,0.0596,0.0564,7,0
651976,0.4,Optimal,True,,15.00926319998689,14283115.0,12319403.0,13506608.0,13157811.0,0.921214384957343,0.365,0.0946,0.0584,8,0
651976,0.5,Optimal,True,,14.436716099997284,14283115.0,12319403.0,13506608.0,13157811.0,0.921214384957343,0.365,0.0946,0.0584,8,0
651976,0.6,Optimal,True,,14.805878200015286,14283115.0,12319403.0,13509153.0,13160356.0,0.9213925673776343,0.5411,0.1153,0.0584,8,0
651976,1.0,Optimal,True,,13.923595100000966,14283115.0,12319403.0,13511572.0,13162775.0,0.9215619281928347,1.0,0.1771,0.0584,8,0
65693,0.33,Optimal,True,,11.70818769998732,11317399.0,9278817.0,10113404.0,10034080.0,0.8866065427224047,0.1851,0.0638,0.0626,7,0
65693,0.4,Optimal,True,,34.59749159999774,11317399.0,9278817.0,10113404.0,10034080.0,0.8866065427224047,0.1851,0.0638,0.0626,7,0
65693,0.5,Optimal,True,,11.929491399991093,11317399.0,9278817.0,10113404.0,10034080.0,0.8866065427224047,0.1851,0.0638,0.0626,7,0
65693,0.6,Optimal,True,,12.335623099992517,11317399.0,9278817.0,10113404.0,10034080.0,0.8866065427224047,0.1851,0.0638,0.0626,7,0
65693,1.0,Optimal,True,,17.085275399993407,11317399.0,9278817.0,10119095.0,10039771.0,0.8871093967792423,1.0,0.181,0.0696,8,0
679242,0.33,Optimal,True,,13.913827299984405,13159072.0,11127309.0,12048474.0,11756790.0,0.8934361024850385,0.3275,0.0848,0.0611,8,0
679242,0.4,Optimal,True,,14.307575600018026,13159072.0,11127309.0,12079134.0,11787450.0,0.8957660540196147,0.3753,0.0924,0.0611,8,0
679242,0.5,Optimal,True,,13.800993899989408,13159072.0,11127309.0,12111462.0,11819778.0,0.8982227622130192,0.4389,0.0978,0.0611,8,0
679242,0.6,Optimal,True,,13.452971099992283,13159072.0,11127309.0,12139136.0,11847452.0,0.9003257980501969,0.5191,0.1126,0.0611,8,0
679242,1.0,Optimal,True,,13.384418200002983,13159072.0,11127309.0,12143951.0,11852267.0,0.9006917053117424,1.0,0.1746,0.0611,8,0
720982,0.33,Optimal,True,,13.543841500009876,12139025.0,10811387.0,11619952.0,11469398.0,0.9448368382139423,0.325,0.0797,0.0628,8,0
720982,0.4,Optimal,True,,13.56530760001624,12139025.0,10811387.0,11655565.0,11505011.0,0.9477705993685654,0.3929,0.0888,0.0628,8,0
720982,0.5,Optimal,True,,13.616563399991719,12139025.0,10811387.0,11683688.0,11533134.0,0.9500873422700752,0.4428,0.0965,0.0628,8,0
720982,0.6,Optimal,True,,13.4950886000006,12139025.0,10811387.0,11686923.0,11536369.0,0.9503538381377417,0.5878,0.1161,0.0628,8,0
720982,1.0,Optimal,True,,13.111294800008181,12139025.0,10811387.0,11686923.0,11536369.0,0.9503538381377417,0.5878,0.1161,0.0628,8,0
737579,0.33,Optimal,True,,19.078482500015525,11342113.0,9367886.0,10193436.0,9859538.0,0.8692858200231297,0.23,0.0638,0.0589,7,0
737579,0.4,Optimal,True,,18.96871950000059,11342113.0,9367886.0,10200172.0,9866936.0,0.8699380794389899,0.3926,0.0935,0.0597,8,0
737579,0.5,Optimal,True,,19.045619000011357,11342113.0,9367886.0,10203298.0,9870062.0,0.8702136894598035,0.4872,0.0959,0.0597,8,0
737579,0.6,Optimal,True,,18.90359560001525,11342113.0,9367886.0,10205437.0,9872201.0,0.8704022786583064,0.5835,0.1083,0.0597,8,0
737579,1.0,Optimal,True,,18.27552569998079,11342113.0,9367886.0,10308351.0,9974453.0,0.879417530049295,0.8563,0.1501,0.0597,8,0
750647,0.33,Optimal,True,,13.7598805000016,15586202.0,12797649.0,14404150.0,14142275.0,0.9073586368250585,0.3259,0.0987,0.0808,8,0
750647,0.4,Optimal,True,,13.769938199984608,15586202.0,12797649.0,14603372.0,14341497.0,0.9201405833185018,0.3932,0.1132,0.0808,8,0
750647,0.5,Optimal,True,,13.582565399992745,15586202.0,12797649.0,14605454.0,14343579.0,0.9202741630064848,0.4676,0.1242,0.0808,8,0
750647,0.6,Optimal,True,,13.914795299991965,15586202.0,12797649.0,14607017.0,14345142.0,0.9203744440114404,0.545,0.1381,0.0808,8,0
750647,1.0,Optimal,True,,13.036781900009373,15586202.0,12797649.0,14607017.0,14345142.0,0.9203744440114404,0.545,0.1381,0.0808,8,0
80120,0.33,Optimal,True,,16.988870900007896,12493200.0,10522767.0,11592516.0,11422025.0,0.9142593570902571,0.2595,0.0708,0.0672,7,0
80120,0.4,Optimal,True,,12.463165199995274,12493200.0,10522767.0,11656865.0,11486150.0,0.9193921493292351,0.3999,0.0979,0.0927,8,0
80120,0.5,Optimal,True,,34.59357860000455,12493200.0,10522767.0,11676046.0,11505331.0,0.9209274645407102,0.4802,0.1083,0.0927,8,0
80120,0.6,Optimal,True,,35.76238880000892,12493200.0,10522767.0,11677443.0,11506728.0,0.9210392853712419,0.5021,0.1119,0.0927,8,0
80120,1.0,Optimal,True,,34.421195500006434,12493200.0,10522767.0,11677443.0,11506728.0,0.9210392853712419,0.5021,0.1119,0.0927,8,0
803466,0.33,Optimal,True,,15.193282099993667,15661322.0,12318682.0,13853897.0,13812434.0,0.8819455982068436,0.3157,0.0723,0.0597,7,0
803466,0.4,Optimal,True,,15.627511700004106,15661322.0,12318682.0,13853897.0,13812434.0,0.8819455982068436,0.3157,0.0723,0.0597,7,0
803466,0.5,Optimal,True,,15.484729099989636,15661322.0,12318682.0,13853897.0,13812434.0,0.8819455982068436,0.3157,0.0723,0.0597,7,0
803466,0.6,Optimal,True,,14.930010399984894,15661322.0,12318682.0,14077374.0,14035911.0,0.8962149555446214,0.5977,0.1537,0.0673,8,0
803466,1.0,Optimal,True,,14.73190430001705,15661322.0,12318682.0,14080078.0,14038615.0,0.8963876101902508,0.799,0.1828,0.0644,8,0
870215,0.33,Optimal,True,,14.977248099981807,15214456.0,12559908.0,14031136.0,13952455.0,0.9170525058536434,0.306,0.0867,0.0756,8,0
870215,0.4,Optimal,True,,13.324357799981954,15214456.0,12559908.0,14036264.0,13952455.0,0.9170525058536434,0.3879,0.0946,0.0727,8,0
870215,0.5,Optimal,True,,14.371933999995235,15214456.0,12559908.0,14038084.0,13954275.0,0.9171721289279091,0.4599,0.1058,0.0716,8,0
870215,0.6,Optimal,True,,14.244625300023472,15214456.0,12559908.0,14039327.0,13955518.0,0.9172538275440147,0.5266,0.1185,0.0708,8,0
870215,1.0,Optimal,True,,14.018231800000649,15214456.0,12559908.0,14039327.0,13955518.0,0.9172538275440147,0.5266,0.1185,0.0708,8,0
885219,0.33,Optimal,True,,14.678810800018255,16331308.0,11927901.0,14102694.0,13932943.0,0.8531431162770305,0.2184,0.065,0.0666,7,0
885219,0.4,Optimal,True,,14.309150699991733,16331308.0,11927901.0,14102694.0,13932943.0,0.8531431162770305,0.2184,0.065,0.0666,7,0
885219,0.5,Optimal,True,,14.147296699986327,16331308.0,11927901.0,14102694.0,13932943.0,0.8531431162770305,0.2184,0.065,0.0666,7,0
885219,0.6,Optimal,True,,14.309585899987724,16331308.0,11927901.0,14102694.0,13932943.0,0.8531431162770305,0.2184,0.065,0.0666,7,0
885219,1.0,Optimal,True,,13.792709700006526,16331308.0,11927901.0,14102694.0,13932943.0,0.8531431162770305,0.2184,0.065,0.0666,7,0
908270,0.33,Optimal,True,,13.423964899993734,13124941.0,10847412.0,11591490.0,11462398.0,0.8733294877287449,0.3092,0.0795,0.0702,7,0
908270,0.4,Optimal,True,,13.48327630001586,13124941.0,10847412.0,11591490.0,11462398.0,0.8733294877287449,0.3092,0.0795,0.0702,7,0
908270,0.5,Optimal,True,,13.166347799997311,13124941.0,10847412.0,11591490.0,11462398.0,0.8733294877287449,0.3092,0.0795,0.0702,7,0
908270,0.6,Optimal,True,,13.369259899976896,13124941.0,10847412.0,11591490.0,11462398.0,0.8733294877287449,0.3092,0.0795,0.0702,7,0
908270,1.0,Optimal,True,,12.701030600001104,13124941.0,10847412.0,11594545.0,11465453.0,0.8735622506798316,1.0,0.1945,0.0865,8,0
947906,0.33,Optimal,True,,18.638028299988946,11365265.0,9187238.0,10096135.0,10014854.0,0.8811808611589786,0.2548,0.0708,0.066,7,0
947906,0.4,Optimal,True,,18.51963789999718,11365265.0,9187238.0,10096135.0,10014854.0,0.8811808611589786,0.2548,0.0708,0.066,7,0
947906,0.5,Optimal,True,,18.72510360000888,11365265.0,9187238.0,10096135.0,10014854.0,0.8811808611589786,0.2548,0.0708,0.066,7,0
947906,0.6,Optimal,True,,18.3944825999788,11365265.0,9187238.0,10101695.0,10030894.0,0.8825921788889216,0.5316,0.1114,0.0742,8,0
947906,1.0,Optimal,True,,18.12078319999273,11365265.0,9187238.0,10104525.0,10033724.0,0.8828411832016235,1.0,0.187,0.0742,8,0
