seed,epsilon,status,optimal,runtime_s,cash,area,cash_per_allocated_ha,min_normalized_return
192338,0.8,Optimal,True,0.12,13265129.0,341.149,38883.68132399626,403.8
192338,0.9,Optimal,True,0.14,14805700.0,371.758,39826.17724433637,403.8
192338,0.95,Optimal,True,0.15,15546253.0,385.483,40329.28300340093,403.8
192338,1.0,Optimal,True,0.93,16349748.0,395.217,41369.040299379834,0.0
196157,0.8,Optimal,True,0.15,12989720.0,331.241,39215.31452930042,275.0
196157,0.9,Optimal,True,0.16,14273319.0,359.255,39730.32803997161,275.0
196157,0.95,Optimal,True,0.19,15015058.0,366.776,40937.95122908805,275.0
196157,1.0,Optimal,True,0.71,15790166.0,376.965,41887.618213892536,0.0
200768,0.8,Optimal,True,0.16,12084326.0,300.637,40195.73771691442,286.9
200768,0.9,Optimal,True,0.16,12952006.0,326.372,39684.79526429963,286.9
200768,0.95,Optimal,True,0.21,13630319.0,328.871,41445.79181502778,286.9
200768,1.0,Optimal,True,1.2,14347314.0,348.655,41150.461057492364,0.0
222335,0.8,Optimal,True,0.2,9858098.0,316.283,31168.599007850564,287.4
222335,0.9,Optimal,True,0.18,10970477.0,338.977,32363.484838204364,287.4
222335,0.95,Optimal,True,0.2,11534841.0,348.936,33057.182405942636,287.4
222335,1.0,Optimal,True,0.25,12141112.0,345.378,35153.1134003903,0.0
262122,0.8,Optimal,True,0.1,11560382.0,301.898,38292.34377173747,329.6
262122,0.9,Optimal,True,0.11,12381281.0,322.867,38347.929642856034,329.6
262122,0.95,Optimal,True,0.14,13082045.0,330.911,39533.42439507904,329.6
262122,1.0,Optimal,True,0.7,13727092.0,341.877,40152.13658713514,0.0
288572,0.8,Optimal,True,0.1,11618354.0,283.964,40914.88357679143,323.8
288572,0.9,Optimal,True,0.14,12929838.0,315.849,40936.77041877606,323.8
288572,0.95,Optimal,True,0.16,13650763.0,333.155,40974.21020245832,323.8
288572,1.0,Optimal,True,1.67,14365098.0,341.058,42119.223123339725,0.0
320290,0.8,Optimal,True,0.12,11399116.0,278.838,40880.78382429941,861.2
320290,0.9,Optimal,True,0.16,12715461.0,317.659,40028.65021926028,861.2
320290,0.95,Optimal,True,0.15,13411971.0,328.826,40787.440774148025,861.2
320290,1.0,Optimal,True,3.9,14116993.0,332.699,42431.72657567351,861.2
321611,0.8,Optimal,True,0.12,11063970.0,332.983,33226.83139980119,325.3
321611,0.9,Optimal,True,0.15,12224142.0,364.719,33516.603193143215,325.3
321611,0.95,Optimal,True,0.26,12871171.0,382.057,33689.138008202965,325.3
321611,1.0,Not Solved,False,120.06,,,,325.3
331297,0.8,Optimal,True,0.13,12530210.0,337.452,37131.82911940069,286.1
331297,0.9,Optimal,True,0.15,13747896.0,353.776,38860.45407263353,286.1
331297,0.95,Optimal,True,0.15,14555507.0,373.826,38936.58279520418,286.1
331297,1.0,Optimal,True,0.53,15273584.0,383.419,39835.22986602125,0.0
385101,0.8,Optimal,True,0.12,11626605.0,302.941,38379.106822780675,278.1
385101,0.9,Optimal,True,0.15,12781215.0,343.971,37157.827258693316,278.1
385101,0.95,Optimal,True,0.22,13497163.0,350.21,38540.19873790012,278.1
385101,1.0,Optimal,True,0.94,14199009.0,353.292,40190.57606738902,0.0
449132,0.8,Optimal,True,0.11,11362085.0,296.99,38257.466581366374,814.2
449132,0.9,Optimal,True,0.16,12224262.0,322.714,37879.55279287542,814.2
449132,0.95,Optimal,True,0.18,12906260.0,335.079,38517.06612470492,814.2
449132,1.0,Optimal,True,2.37,13562104.0,353.872,38324.88583442601,0.0
496928,0.8,Optimal,True,0.1,10321170.0,336.446,30677.04772831301,280.2
496928,0.9,Optimal,True,0.14,11469817.0,379.392,30232.100307860997,280.2
496928,0.95,Optimal,True,0.32,12099824.0,400.671,30198.901342997124,280.2
496928,1.0,Optimal,True,0.84,12734618.0,372.171,34217.11525078526,0.0
514942,0.8,Optimal,True,0.12,11179003.0,328.7,34009.74444782476,282.0
514942,0.9,Optimal,True,0.14,12443934.0,363.038,34277.221668255115,282.0
514942,0.95,Optimal,True,0.15,13128152.0,376.447,34873.838813963186,282.0
514942,1.0,Optimal,True,15.09,13818431.0,349.458,39542.46576126458,0.0
52314,0.8,Optimal,True,0.14,11436419.0,326.157,35064.15315323602,281.5
52314,0.9,Optimal,True,0.15,12247087.0,348.483,35144.001285572034,281.5
52314,0.95,Optimal,True,0.23,12922898.0,362.738,35625.98349221752,281.5
52314,1.0,Optimal,True,0.37,13601544.0,359.831,37799.811578213106,0.0
57684,0.8,Optimal,True,0.12,10130307.0,291.444,34759.01716967925,283.0
57684,0.9,Optimal,True,0.13,11178087.0,321.541,34764.11095319104,283.0
57684,0.95,Optimal,True,0.15,11768765.0,332.509,35393.82392657041,283.0
57684,1.0,Optimal,True,2.3,12382903.0,339.491,36474.90802407133,0.0
621609,0.8,Optimal,True,0.14,11533416.0,323.867,35611.58129726091,275.5
621609,0.9,Optimal,True,0.14,12849520.0,348.949,36823.48996558236,275.5
621609,0.95,Optimal,True,0.31,13567722.0,372.084,36464.13713032541,275.5
621609,1.0,Optimal,True,1.71,14274010.0,378.086,37753.34183228154,0.0
627177,0.8,Optimal,True,0.15,9602714.0,261.954,36658.016292936925,286.7
627177,0.9,Optimal,True,0.15,10789241.0,277.831,38833.82703873938,286.7
627177,0.95,Optimal,True,0.17,11355561.0,281.094,40397.73527716707,286.7
627177,1.0,Optimal,True,0.6,11948968.0,294.225,40611.66794120146,0.0
637394,0.8,Optimal,True,0.15,11049773.0,288.508,38299.710926560096,273.2
637394,0.9,Optimal,True,0.15,12216692.0,305.897,39937.2730036581,273.2
637394,0.95,Optimal,True,0.28,12885185.0,306.757,42004.53453384927,273.2
637394,1.0,Optimal,True,1.81,13559534.0,311.897,43474.39699644434,0.0
651976,0.8,Optimal,True,0.12,12376703.0,290.293,42635.20994305753,391.7
651976,0.9,Optimal,True,0.18,13706358.0,320.744,42733.01449130771,391.7
651976,0.95,Optimal,True,0.19,14283115.0,332.533,42952.47388980943,391.7
651976,1.0,Optimal,True,2.91,15024792.0,332.837,45141.59183023522,0.0
65693,0.8,Optimal,True,0.14,10040252.0,272.685,36819.96442781964,573.9
65693,0.9,Optimal,True,0.22,10861023.0,286.568,37900.33430110829,573.9
65693,0.95,Optimal,True,0.2,11317399.0,295.431,38308.095629774805,573.9
65693,1.0,Optimal,True,0.23,11907597.0,303.856,39188.289847822656,573.9
679242,0.8,Optimal,True,0.14,11130304.0,304.957,36497.94561200432,276.3
679242,0.9,Optimal,True,0.14,12481173.0,312.864,39893.285900583,276.3
679242,0.95,Optimal,True,0.16,13159072.0,326.561,40295.907962065285,276.3
679242,1.0,Optimal,True,0.21,13849239.0,333.417,41537.29113992388,276.3
720982,0.8,Optimal,True,0.16,10252237.0,317.559,32284.51090978369,320.3
720982,0.9,Optimal,True,0.19,11562150.0,332.13,34812.121759551985,320.3
720982,0.95,Optimal,True,0.18,12139025.0,344.097,35277.91582024836,320.3
720982,1.0,Optimal,True,0.34,12773141.0,340.921,37466.571434437894,0.0
737579,0.8,Optimal,True,0.13,10157320.0,283.215,35864.343343396366,513.8
737579,0.9,Optimal,True,0.16,10777793.0,301.777,35714.4282036073,513.8
737579,0.95,Optimal,True,0.19,11342113.0,311.101,36457.97666995606,513.8
737579,1.0,Not Solved,False,120.05,,,,513.8
750647,0.8,Optimal,True,0.12,13366417.0,289.07,46239.37800532743,512.6
750647,0.9,Optimal,True,0.15,14771459.0,329.723,44799.60148366963,512.6
750647,0.95,Optimal,True,0.16,15586202.0,341.195,45681.21455472677,512.6
750647,1.0,Optimal,True,1.31,16397993.0,358.599,45727.9384493543,0.0
80120,0.8,Optimal,True,0.15,10566977.0,336.223,31428.477528307103,288.2
80120,0.9,Optimal,True,0.16,11938283.0,365.86,32630.741267151367,288.2
80120,0.95,Optimal,True,0.18,12493200.0,372.013,33582.69737885504,288.2
80120,1.0,Optimal,True,2.52,13148064.0,372.213,35324.03220736513,0.0
803466,0.8,Optimal,True,0.16,13285467.0,351.419,37805.20404417519,335.3
803466,0.9,Optimal,True,0.16,14904876.0,374.991,39747.28993495844,335.3
803466,0.95,Optimal,True,0.19,15661322.0,385.151,40662.810170556484,335.3
803466,1.0,Optimal,True,4.5,16485337.0,379.678,43419.25789748155,0.0
870215,0.8,Optimal,True,0.14,12908088.0,349.384,36945.2751127699,328.4
870215,0.9,Optimal,True,0.17,14415682.0,361.512,39876.08156852331,328.4
870215,0.95,Optimal,True,0.19,15214456.0,376.219,40440.42432731999,328.4
870215,1.0,Optimal,True,8.82,16014780.0,380.768,42059.154130599214,0.0
885219,0.8,Optimal,True,0.11,13740385.0,336.03,40890.35205190013,283.1
885219,0.9,Optimal,True,0.16,15552039.0,369.568,42081.671032123995,283.1
885219,0.95,Optimal,True,0.16,16331308.0,383.173,42621.238970386745,283.1
885219,1.0,Optimal,True,2.46,17152128.0,398.603,43030.60438581747,0.0
908270,0.8,Optimal,True,0.11,11304220.0,253.782,44543.03299682405,647.3
908270,0.9,Optimal,True,0.17,12445464.0,287.418,43300.920610400186,647.3
908270,0.95,Optimal,True,0.25,13124941.0,285.087,46038.37074296618,647.3
908270,1.0,Optimal,True,4.28,13814152.0,304.765,45327.225895362004,647.3
947906,0.8,Optimal,True,0.11,9716067.0,305.39,31815.27554929762,816.8
947906,0.9,Optimal,True,0.13,10759340.0,339.121,31727.141639709724,816.8
947906,0.95,Optimal,True,0.19,11365265.0,348.619,32600.81923245721,816.8
947906,1.0,Optimal,True,4.43,11951723.0,350.902,34060.0025078227,0.0
