seed,n_farmers,b1_status,b1_optimal,b1_cash,b1_runtime_s,b2_status,b2_optimal,b2_cash,b2_runtime_s,b3_status,b3_optimal,b3_cash,b3_runtime_s,proposed_status,proposed_optimal,proposed_failed_stage,proposed_runtime_s,proposed_planned_cash,proposed_initial_realized_cash,proposed_recommended_revised_cash,proposed_final_realized_cash
192338,100,Optimal,True,3042511.0,1.21,Optimal,True,2889177.0,0.08,Optimal,True,2759123.0,0.06,Infeasible,False,proposed.phase4_e_star_alpha,2.2553358000004664,,,,
192338,25,Optimal,True,850039.0,0.35,Optimal,True,850039.0,0.06,Optimal,True,816234.0,0.05,Infeasible,False,proposed.phase4_e_star_alpha,0.7392075000097975,,,,
192338,250,Optimal,True,7069764.0,3.24,Optimal,True,6710668.0,0.29,Optimal,True,6375696.0,0.14,Optimal,True,,5.9971877000061795,6375696.0,5518555.0,6073539.0,5939597.0
192338,50,Optimal,True,2447874.0,0.75,Optimal,True,2217410.0,0.09,Optimal,True,2110973.0,0.07,Optimal,True,,1.7554541999998037,2110973.0,2049348.0,1164613.0,1164613.0
192338,500,Optimal,True,17005952.0,13.5,Optimal,True,16349748.0,0.39,Optimal,True,15546253.0,0.15,Optimal,True,,12.508657600003062,15546253.0,11790321.0,14230948.0,13040311.0
196157,100,Optimal,True,5231025.0,1.21,Optimal,True,4332878.0,0.17,Optimal,True,4116387.0,0.07,Optimal,True,,2.657039400015492,4116387.0,3918512.0,3330932.0,3270535.0
196157,25,Optimal,True,1522427.0,0.31,Optimal,True,1517934.0,0.07,Optimal,True,1509296.0,0.06,Optimal,True,,0.8663444000121672,1509296.0,1410884.0,72186.0,56778.0
196157,250,Optimal,True,9422840.0,3.32,Optimal,True,8803785.0,0.14,Optimal,True,8372180.0,0.12,Optimal,True,,6.713542000012239,8372180.0,7731432.0,7808942.0,7652213.0
196157,50,Optimal,True,2904812.0,0.59,Optimal,True,2193994.0,0.07,Optimal,True,2108771.0,0.07,Optimal,True,,1.4122462999948766,2108771.0,1968421.0,960683.0,925950.0
196157,500,Optimal,True,16891168.0,13.17,Optimal,True,15790166.0,0.45,Optimal,True,15015058.0,0.19,Infeasible,False,proposed.reopt_phase3,10.287327900005039,,,,
200768,100,Optimal,True,2059307.0,0.82,Optimal,True,2059307.0,0.05,Optimal,True,1966115.0,0.05,Infeasible,False,proposed.phase4_e_star_alpha,4.313415999989957,,,,
200768,25,Optimal,True,449227.0,0.34,Optimal,True,369411.0,0.06,Optimal,True,351250.0,0.07,Infeasible,False,proposed.reopt_phase3,1.122243800025899,,,,
200768,250,Optimal,True,6184388.0,2.69,Optimal,True,6184388.0,0.08,Optimal,True,5876175.0,0.09,Optimal,True,,10.568415100016864,5876175.0,5022220.0,5394028.0,5372177.0
200768,50,Optimal,True,1249401.0,0.53,Optimal,True,1249401.0,0.07,Optimal,True,1206897.0,0.07,Infeasible,False,proposed.phase4_e_star_alpha,1.5011932000052184,,,,
200768,500,Optimal,True,14869211.0,13.96,Optimal,True,14346966.0,0.26,Optimal,True,13630319.0,0.21,Optimal,True,,12.42561070001102,13630319.0,11635891.0,12517039.0,12398110.0
222335,100,Optimal,True,1713964.0,1.35,Optimal,True,1707793.0,0.08,Optimal,True,1625852.0,0.06,Optimal,True,,2.626021399977617,1625852.0,1349346.0,1504412.0,1479450.0
222335,25,Optimal,True,483563.0,0.47,Optimal,True,360141.0,0.07,Optimal,True,342546.0,0.06,Infeasible,False,proposed.phase3_e_star,0.6950017999915872,,,,
222335,250,Optimal,True,7434111.0,3.51,Optimal,True,6884546.0,0.33,Optimal,True,6545517.0,0.12,Optimal,True,,6.8356541999964975,6545517.0,5888766.0,6256104.0,6188690.0
222335,50,Optimal,True,874313.0,0.72,Optimal,True,698826.0,0.22,Optimal,True,668232.0,0.11,Infeasible,False,proposed.phase4_e_star_alpha,1.5699496000015642,,,,
222335,500,Optimal,True,13636126.0,11.3,Optimal,True,12141112.0,0.65,Optimal,True,11534841.0,0.2,Optimal,True,,24.347568400000455,11534841.0,10274913.0,11099604.0,11036810.0
262122,100,Optimal,True,2099862.0,1.15,Optimal,True,1989979.0,0.24,Optimal,True,1893824.0,0.07,Optimal,True,,2.79427090001991,1893824.0,1674242.0,1666279.0,1648509.0
262122,25,Optimal,True,1011614.0,0.38,Optimal,True,481088.0,0.06,Optimal,True,458182.0,0.06,Optimal,True,,0.997512200003257,458182.0,450960.0,216085.0,204406.0
262122,250,Optimal,True,6865680.0,3.39,Optimal,True,6859692.0,0.18,Optimal,True,6573546.0,0.11,Optimal,True,,6.908941200003028,6573546.0,5762377.0,6390902.0,6367188.0
262122,50,Optimal,True,1503217.0,0.59,Optimal,True,1154031.0,0.21,Optimal,True,1097695.0,0.06,Infeasible,False,proposed.phase4_e_star_alpha,1.4633857999870088,,,,
262122,500,Optimal,True,13881073.0,13.06,Optimal,True,13727092.0,0.29,Optimal,True,13082045.0,0.14,Optimal,True,,13.239471200009575,13082045.0,10611409.0,12009112.0,11616402.0
288572,100,Optimal,True,5342893.0,1.33,Optimal,True,4580619.0,0.19,Optimal,True,4352122.0,0.07,Infeasible,False,proposed.phase4_e_star_alpha,2.5332259999995586,,,,
288572,25,Optimal,True,1847356.0,0.32,Optimal,True,1095397.0,0.05,Optimal,True,1077755.0,0.05,Infeasible,False,proposed.phase4_e_star_alpha,0.6832703999825753,,,,
288572,250,Optimal,True,8021780.0,3.04,Optimal,True,7657770.0,0.1,Optimal,True,7275458.0,0.12,Optimal,True,,6.409128899977077,7275458.0,5411835.0,5414713.0,5379479.0
288572,50,Optimal,True,3109310.0,0.61,Optimal,True,2579356.0,0.08,Optimal,True,2458873.0,0.08,Infeasible,False,proposed.phase4_e_star_alpha,1.4577194000012241,,,,
288572,500,Optimal,True,15054825.0,12.73,Optimal,True,14365098.0,0.56,Optimal,True,13650763.0,0.16,Optimal,True,,13.464615700009745,13650763.0,10124938.0,11350602.0,11042372.0
320290,100,Optimal,True,2333822.0,1.07,Optimal,True,2333822.0,0.12,Optimal,True,2251731.0,0.07,Infeasible,False,proposed.phase4_e_star_alpha,2.275533899985021,,,,
320290,25,Optimal,True,306610.0,0.32,Optimal,True,306610.0,0.06,Optimal,True,293413.0,0.06,Infeasible,False,proposed.phase4_e_star_alpha,0.7364044999994803,,,,
320290,250,Optimal,True,6903076.0,2.77,Optimal,True,6856105.0,24.5,Optimal,True,6570778.0,0.11,Optimal,True,,30.679650299978675,6570778.0,5283435.0,6128263.0,6109535.0
320290,50,Optimal,True,911374.0,0.57,Optimal,True,854867.0,0.06,Optimal,True,812954.0,0.18,Infeasible,False,proposed.phase4_e_star_alpha,1.3920822000072803,,,,
320290,500,Optimal,True,14125749.0,12.56,Optimal,True,14116991.0,0.29,Optimal,True,13411971.0,0.15,Optimal,True,,13.084870699996827,13411971.0,11223008.0,12852555.0,12500983.0
321611,100,Optimal,True,2415610.0,1.54,Optimal,True,2284121.0,0.37,Optimal,True,2179260.0,0.08,Infeasible,False,proposed.phase4_e_star_alpha,2.8738047999795526,,,,
321611,25,Optimal,True,487126.0,0.4,Optimal,True,416339.0,0.06,Optimal,True,400445.0,0.07,Infeasible,False,proposed.phase4_e_star_alpha,0.746956399991177,,,,
321611,250,Optimal,True,6564043.0,3.7,Optimal,True,6355518.0,120.37,Optimal,True,6046885.0,0.11,Optimal,True,,127.17210599998361,6046885.0,5062459.0,5686731.0,5634639.0
321611,50,Optimal,True,1114545.0,0.81,Optimal,True,1100522.0,0.09,Optimal,True,1068069.0,0.06,Infeasible,False,proposed.phase4_e_star_alpha,1.436506099998951,,,,
321611,500,Optimal,True,14446244.0,14.38,Optimal,True,13548340.0,26.37,Optimal,True,12871171.0,0.26,Optimal,True,,51.29858060000697,12871171.0,10211148.0,11405320.0,11256622.0
331297,100,Optimal,True,3787621.0,1.08,Optimal,True,2588795.0,0.11,Optimal,True,2460933.0,0.07,Infeasible,False,proposed.reopt_phase3,2.095674699987285,,,,
331297,25,Optimal,True,1224852.0,0.4,Optimal,True,646644.0,0.06,Optimal,True,618051.0,0.05,Infeasible,False,proposed.phase4_e_star_alpha,0.7988589000015054,,,,
331297,250,Optimal,True,7935288.0,3.08,Optimal,True,7046943.0,0.38,Optimal,True,6704807.0,0.11,Infeasible,False,proposed.reopt_phase3,5.4864258999878075,,,,
331297,50,Optimal,True,1673727.0,0.62,Optimal,True,1095519.0,0.06,Optimal,True,1046805.0,0.06,Infeasible,False,proposed.phase4_e_star_alpha,1.3774827999877743,,,,
331297,500,Optimal,True,15814650.0,13.58,Optimal,True,15269506.0,0.41,Optimal,True,14555507.0,0.15,Optimal,True,,15.229219800006831,14555507.0,11681842.0,13981819.0,13301649.0
385101,100,Optimal,True,3367798.0,1.26,Optimal,True,2738291.0,0.2,Optimal,True,2601387.0,0.09,Infeasible,False,proposed.reopt_phase3,2.2980413000041153,,,,
385101,25,Optimal,True,402213.0,0.3,Optimal,True,177219.0,0.11,Optimal,True,173373.0,0.07,Infeasible,False,proposed.phase4_e_star_alpha,0.7814837999758311,,,,
385101,250,Optimal,True,6885328.0,3.65,Optimal,True,5711148.0,0.35,Optimal,True,5425708.0,0.16,Infeasible,False,proposed.phase4_e_star_alpha,6.335476100008236,,,,
385101,50,Optimal,True,1638429.0,0.57,Optimal,True,1413435.0,0.05,Optimal,True,1360223.0,0.08,Infeasible,False,proposed.reopt_phase3,1.085194599989336,,,,
385101,500,Optimal,True,16607005.0,13.96,Optimal,True,14199009.0,0.62,Optimal,True,13497163.0,0.22,Optimal,True,,15.410113199992338,13497163.0,11318677.0,13148351.0,12988869.0
449132,100,Optimal,True,2163964.0,1.16,Optimal,True,2110432.0,0.09,Optimal,True,2017062.0,0.09,Infeasible,False,proposed.phase4_e_star_alpha,2.5382246999943163,,,,
449132,25,Optimal,True,324081.0,0.32,Optimal,True,315137.0,0.06,Optimal,True,307447.0,0.07,Infeasible,False,proposed.phase4_e_star_alpha,0.8577549000037834,,,,
449132,250,Optimal,True,6047163.0,3.24,Optimal,True,6047163.0,0.12,Optimal,True,5852289.0,0.08,Optimal,True,,6.846362500014948,5852289.0,4927278.0,4592662.0,4371473.0
449132,50,Optimal,True,653035.0,0.63,Optimal,True,653035.0,0.08,Optimal,True,622351.0,0.07,Infeasible,False,proposed.phase4_e_star_alpha,1.4627669000183232,,,,
449132,500,Optimal,True,13675589.0,14.26,Optimal,True,13562104.0,0.42,Optimal,True,12906260.0,0.18,Optimal,True,,14.444832600012887,12906260.0,10000947.0,11260117.0,11132527.0
496928,100,Optimal,True,2839085.0,1.37,Optimal,True,2486954.0,0.08,Optimal,True,2374578.0,0.08,Infeasible,False,proposed.phase4_e_star_alpha,2.1161646000109613,,,,
496928,25,Optimal,True,848598.0,0.29,Optimal,True,621943.0,0.05,Optimal,True,596407.0,0.06,Infeasible,False,proposed.phase4_e_star_alpha,0.7217393000028096,,,,
496928,250,Optimal,True,7561804.0,3.45,Optimal,True,6781444.0,0.27,Optimal,True,6445860.0,0.17,Optimal,True,,6.955805000005057,6445860.0,5759372.0,6191038.0,6066345.0
496928,50,Optimal,True,1411986.0,0.5,Optimal,True,1072952.0,0.05,Optimal,True,1022927.0,0.05,Infeasible,False,proposed.phase4_e_star_alpha,1.174031600006856,,,,
496928,500,Optimal,True,14759805.0,13.69,Optimal,True,12734618.0,0.64,Optimal,True,12099824.0,0.32,Infeasible,False,proposed.reopt_phase3,11.639262899989262,,,,
514942,100,Optimal,True,3821770.0,1.08,Optimal,True,3504774.0,0.09,Optimal,True,3330034.0,0.08,Optimal,True,,2.584318199980771,3330034.0,1737839.0,1981282.0,1976594.0
514942,25,Optimal,True,588330.0,0.28,Optimal,True,394601.0,0.06,Optimal,True,383099.0,0.17,Infeasible,False,proposed.phase4_e_star_alpha,0.8763136000197846,,,,
514942,250,Optimal,True,8867135.0,3.37,Optimal,True,7802162.0,0.31,Optimal,True,7441235.0,0.13,Optimal,True,,6.725082200020552,7441235.0,5546193.0,6372874.0,6283758.0
514942,50,Optimal,True,1136007.0,0.56,Optimal,True,1136007.0,0.06,Optimal,True,1096817.0,0.07,Infeasible,False,proposed.phase4_e_star_alpha,1.227329000015743,,,,
514942,500,Optimal,True,14838165.0,14.22,Optimal,True,13818431.0,0.38,Optimal,True,13128152.0,0.15,Optimal,True,,12.973244199994951,13128152.0,10502129.0,11676317.0,11530840.0
52314,100,Optimal,True,3043357.0,1.16,Optimal,True,3025164.0,0.15,Optimal,True,2875989.0,0.08,Infeasible,False,proposed.phase4_e_star_alpha,2.2383254999876954,,,,
52314,25,Optimal,True,699149.0,0.73,Optimal,True,538544.0,0.11,Optimal,True,517372.0,0.07,Infeasible,False,proposed.reopt_phase3,1.1431921000184957,,,,
52314,250,Optimal,True,6960363.0,3.84,Optimal,True,6373482.0,0.19,Optimal,True,6057426.0,0.17,Infeasible,False,proposed.phase4_e_star_alpha,14.020197000005282,,,,
52314,50,Optimal,True,1329278.0,0.68,Optimal,True,1267833.0,0.07,Optimal,True,1209379.0,0.07,Infeasible,False,proposed.reopt_phase3,1.2185524000087753,,,,
52314,500,Optimal,True,14716670.0,14.26,Optimal,True,13601544.0,0.59,Optimal,True,12922898.0,0.23,Optimal,True,,26.931051699997624,12922898.0,10495462.0,11623246.0,11220156.0
57684,100,Optimal,True,1978733.0,1.64,Optimal,True,1745659.0,0.32,Optimal,True,1662971.0,0.1,Infeasible,False,proposed.phase4_e_star_alpha,5.850136000022758,,,,
57684,25,Optimal,True,461717.0,0.43,Optimal,True,344680.0,0.07,Optimal,True,330634.0,0.06,Infeasible,False,proposed.phase4_e_star_alpha,1.6088782000006177,,,,
57684,250,Optimal,True,6135901.0,3.95,Optimal,True,5432015.0,0.16,Optimal,True,5170581.0,0.08,Optimal,True,,16.5131076000107,5170581.0,4714423.0,5084996.0,4965847.0
57684,50,Optimal,True,724726.0,0.86,Optimal,True,724726.0,0.07,Optimal,True,703539.0,0.09,Infeasible,False,proposed.phase4_e_star_alpha,2.6853603000054136,,,,
57684,500,Optimal,True,13758563.0,14.36,Optimal,True,12382903.0,0.41,Optimal,True,11768765.0,0.15,Optimal,True,,13.069189900008496,11768765.0,9892202.0,11552441.0,11429123.0
621609,100,Optimal,True,2610405.0,1.37,Optimal,True,2508854.0,0.09,Optimal,True,2386490.0,0.09,Optimal,True,,3.311480800010031,2386490.0,2025033.0,2277326.0,2276159.0
621609,25,Optimal,True,731443.0,0.38,Optimal,True,630077.0,0.06,Optimal,True,598917.0,0.07,Infeasible,False,proposed.phase4_e_star_alpha,0.8887036999803968,,,,
621609,250,Optimal,True,8199619.0,3.74,Optimal,True,8173693.0,0.32,Optimal,True,7766302.0,0.11,Infeasible,False,proposed.reopt_phase3,5.950859600008698,,,,
621609,50,Optimal,True,1493982.0,0.65,Optimal,True,1422051.0,0.21,Optimal,True,1351867.0,0.1,Infeasible,False,proposed.phase4_e_star_alpha,1.5978143000102136,,,,
621609,500,Optimal,True,15871932.0,15.58,Optimal,True,14274010.0,0.84,Optimal,True,13567722.0,0.31,Infeasible,False,proposed.reopt_phase3,11.882910700020147,,,,
627177,100,Optimal,True,1607571.0,1.06,Optimal,True,1607571.0,0.07,Optimal,True,1535358.0,0.07,Optimal,True,,2.748274699988542,1535358.0,1463107.0,1498466.0,1496108.0
627177,25,Optimal,True,352538.0,0.21,Optimal,True,352538.0,0.05,Optimal,True,342542.0,0.05,Infeasible,False,proposed.phase4_e_star_alpha,0.6959756999858655,,,,
627177,250,Optimal,True,5435743.0,2.7,Optimal,True,4981143.0,0.3,Optimal,True,4734784.0,0.2,Optimal,True,,6.10960639998666,4734784.0,4583741.0,4732440.0,4688102.0
627177,50,Optimal,True,568985.0,0.35,Optimal,True,568985.0,0.06,Optimal,True,560521.0,0.07,Infeasible,False,proposed.phase4_e_star_alpha,1.129668200010201,,,,
627177,500,Optimal,True,12307764.0,12.83,Optimal,True,11948968.0,0.3,Optimal,True,11355561.0,0.17,Infeasible,False,proposed.reopt_phase3,10.635544499993557,,,,
637394,100,Optimal,True,3151828.0,1.17,Optimal,True,3151828.0,0.09,Optimal,True,3011824.0,0.16,Infeasible,False,proposed.phase4_e_star_alpha,2.2324616000114474,,,,
637394,25,Optimal,True,383649.0,0.34,Optimal,True,383649.0,0.05,Optimal,True,379432.0,0.05,Infeasible,False,proposed.phase4_e_star_alpha,0.7554072000202723,,,,
637394,250,Optimal,True,6672975.0,3.1,Optimal,True,6672975.0,0.1,Optimal,True,6485410.0,0.1,Optimal,True,,6.471243200008757,6485410.0,4851108.0,5750666.0,5745906.0
637394,50,Optimal,True,823625.0,0.49,Optimal,True,823625.0,0.07,Optimal,True,800664.0,0.06,Infeasible,False,proposed.phase4_e_star_alpha,1.2319884000171442,,,,
637394,500,Optimal,True,13643979.0,12.81,Optimal,True,13559534.0,0.37,Optimal,True,12885185.0,0.28,Optimal,True,,13.25480689998949,12885185.0,10076401.0,11198084.0,11140075.0
651976,100,Optimal,True,3543208.0,1.42,Optimal,True,3543208.0,0.09,Optimal,True,3366890.0,0.08,Infeasible,False,proposed.phase4_e_star_alpha,2.762171699985629,,,,
651976,25,Optimal,True,1097702.0,0.5,Optimal,True,1062334.0,0.06,Optimal,True,1016485.0,0.05,Infeasible,False,proposed.phase4_e_star_alpha,0.9866693000076339,,,,
651976,250,Optimal,True,8380184.0,3.22,Optimal,True,8257643.0,0.21,Optimal,True,7899824.0,0.12,Optimal,True,,6.871821300010197,7899824.0,7043895.0,7646398.0,7353266.0
651976,50,Optimal,True,2305926.0,0.91,Optimal,True,2304295.0,0.09,Optimal,True,2207098.0,0.06,Infeasible,False,proposed.phase4_e_star_alpha,1.6326009999902453,,,,
651976,500,Optimal,True,15352176.0,13.45,Optimal,True,15024792.0,0.67,Optimal,True,14283115.0,0.19,Optimal,True,,15.00926319998689,14283115.0,12319403.0,13506608.0,13157811.0
65693,100,Optimal,True,1880801.0,1.19,Optimal,True,1880801.0,0.07,Optimal,True,1788826.0,0.07,Infeasible,False,proposed.phase4_e_star_alpha,2.1951176000002306,,,,
65693,25,Optimal,True,369470.0,0.32,Optimal,True,369470.0,0.05,Optimal,True,369137.0,0.06,Infeasible,False,proposed.phase4_e_star_alpha,0.6971474000019953,,,,
65693,250,Optimal,True,5745538.0,2.84,Optimal,True,5580994.0,0.23,Optimal,True,5315144.0,0.08,Optimal,True,,5.46049260001746,5315144.0,4147796.0,4485449.0,4127385.0
65693,50,Optimal,True,997669.0,0.67,Optimal,True,997087.0,0.08,Optimal,True,977486.0,0.08,Optimal,True,,1.6821330999955535,977486.0,936036.0,786514.0,786514.0
65693,500,Optimal,True,11907597.0,14.01,Optimal,True,11907597.0,0.26,Optimal,True,11317399.0,0.2,Optimal,True,,34.59749159999774,11317399.0,9278817.0,10113404.0,10034080.0
679242,100,Optimal,True,2230080.0,1.12,Optimal,True,2215878.0,0.08,Optimal,True,2142462.0,0.08,Optimal,True,,2.8123541999957524,2142462.0,2009124.0,1181387.0,1171577.0
679242,25,Optimal,True,387640.0,0.36,Optimal,True,329300.0,0.07,Optimal,True,317196.0,0.07,Infeasible,False,proposed.phase4_e_star_alpha,0.7434869999997318,,,,
679242,250,Optimal,True,6152939.0,3.4,Optimal,True,6101004.0,0.14,Optimal,True,5807498.0,0.14,Optimal,True,,6.833700999995926,5807498.0,4947453.0,5162490.0,5111557.0
679242,50,Optimal,True,829391.0,0.55,Optimal,True,806692.0,0.06,Optimal,True,772334.0,0.06,Infeasible,False,proposed.phase4_e_star_alpha,1.2781853000051342,,,,
679242,500,Optimal,True,13849239.0,13.76,Optimal,True,13849239.0,0.21,Optimal,True,13159072.0,0.16,Optimal,True,,14.307575600018026,13159072.0,11127309.0,12079134.0,11787450.0
720982,100,Optimal,True,2451648.0,1.52,Optimal,True,2179223.0,0.1,Optimal,True,2085074.0,0.08,Infeasible,False,proposed.phase4_e_star_alpha,2.662345299992012,,,,
720982,25,Optimal,True,366890.0,0.3,Optimal,True,366890.0,0.06,Optimal,True,366275.0,0.04,Infeasible,False,proposed.reopt_phase3,0.6931661999842618,,,,
720982,250,Optimal,True,7175848.0,3.22,Optimal,True,6840003.0,0.29,Optimal,True,6499243.0,0.15,Optimal,True,,6.93829530000221,6499243.0,5820959.0,6259515.0,6232842.0
720982,50,Optimal,True,679449.0,0.59,Optimal,True,678232.0,0.07,Optimal,True,646809.0,0.07,Infeasible,False,proposed.reopt_phase3,1.159212700003991,,,,
720982,500,Optimal,True,13161391.0,13.04,Optimal,True,12773141.0,0.27,Optimal,True,12139025.0,0.18,Optimal,True,,13.56530760001624,12139025.0,10811387.0,11655565.0,11505011.0
737579,100,Optimal,True,2796326.0,1.18,Optimal,True,2572625.0,0.41,Optimal,True,2445701.0,0.07,Infeasible,False,proposed.phase4_e_star_alpha,2.541614399990067,,,,
737579,25,Optimal,True,976549.0,0.43,Optimal,True,730199.0,0.06,Optimal,True,702370.0,0.06,Infeasible,False,proposed.reopt_phase3,0.7755786999769043,,,,
737579,250,Optimal,True,6195241.0,3.52,Optimal,True,5882299.0,4.77,Optimal,True,5594647.0,0.1,Optimal,True,,11.181627400015714,5594647.0,4849535.0,5303774.0,5193780.0
737579,50,Optimal,True,1561560.0,0.5,Optimal,True,1315210.0,0.07,Optimal,True,1267445.0,0.06,Infeasible,False,proposed.reopt_phase3,1.148975199990673,,,,
737579,500,Optimal,True,12082258.0,13.07,Optimal,True,11936076.0,5.26,Optimal,True,11342113.0,0.19,Optimal,True,,18.96871950000059,11342113.0,9367886.0,10200172.0,9866936.0
750647,100,Optimal,True,2116657.0,1.4,Optimal,True,1666889.0,0.09,Optimal,True,1584986.0,0.1,Optimal,True,,3.008137999975588,1584986.0,1369544.0,1450683.0,1397326.0
750647,25,Optimal,True,197385.0,0.32,Optimal,True,197385.0,0.06,Optimal,True,191968.0,0.06,Infeasible,False,proposed.phase4_e_star_alpha,0.7715416999999434,,,,
750647,250,Optimal,True,6093382.0,3.51,Optimal,True,5666682.0,0.36,Optimal,True,5396664.0,0.19,Optimal,True,,7.2556363999901805,5396664.0,4577618.0,5097023.0,4989440.0
750647,50,Optimal,True,690745.0,0.6,Optimal,True,690745.0,0.07,Optimal,True,662591.0,0.07,Infeasible,False,proposed.phase4_e_star_alpha,1.3380096000037156,,,,
750647,500,Optimal,True,16901932.0,12.93,Optimal,True,16397993.0,0.43,Optimal,True,15586202.0,0.16,Optimal,True,,13.769938199984608,15586202.0,12797649.0,14603372.0,14341497.0
80120,100,Optimal,True,2190215.0,1.11,Optimal,True,1873574.0,0.09,Optimal,True,1825448.0,0.08,Infeasible,False,proposed.reopt_phase3,1.8796799999836367,,,,
80120,25,Optimal,True,1071250.0,0.29,Optimal,True,752514.0,0.07,Optimal,True,731688.0,0.06,Infeasible,False,proposed.phase4_e_star_alpha,0.9333009000110906,,,,
80120,250,Optimal,True,6348065.0,3.17,Optimal,True,5847787.0,0.17,Optimal,True,5557761.0,0.1,Optimal,True,,5.908267799997702,5557761.0,4188682.0,4956879.0,4941398.0
80120,50,Optimal,True,1375771.0,0.57,Optimal,True,1132342.0,0.06,Optimal,True,1075995.0,0.06,Infeasible,False,proposed.phase4_e_star_alpha,1.2144307999988087,,,,
80120,500,Optimal,True,14300483.0,13.14,Optimal,True,13148064.0,0.55,Optimal,True,12493200.0,0.18,Optimal,True,,12.463165199995274,12493200.0,10522767.0,11656865.0,11486150.0
803466,100,Optimal,True,2936840.0,1.35,Optimal,True,2680953.0,0.2,Optimal,True,2556101.0,0.09,Optimal,True,,3.0232266999955755,2556101.0,1820264.0,2011814.0,1998232.0
803466,25,Optimal,True,905237.0,0.55,Optimal,True,862322.0,0.07,Optimal,True,824773.0,0.07,Infeasible,False,proposed.phase4_e_star_alpha,0.9967946999822743,,,,
803466,250,Optimal,True,8358756.0,3.17,Optimal,True,7223419.0,0.33,Optimal,True,6863493.0,0.2,Optimal,True,,6.645268699998269,6863493.0,5588554.0,5868721.0,5653958.0
803466,50,Optimal,True,1674113.0,0.68,Optimal,True,1584093.0,0.1,Optimal,True,1504925.0,0.08,Optimal,True,,1.8934385999746155,1504925.0,1058609.0,991530.0,970390.0
803466,500,Optimal,True,17924836.0,14.38,Optimal,True,16485337.0,0.83,Optimal,True,15661322.0,0.19,Optimal,True,,15.627511700004106,15661322.0,12318682.0,13853897.0,13812434.0
870215,100,Optimal,True,2996427.0,1.25,Optimal,True,2055475.0,0.25,Optimal,True,1956651.0,0.14,Optimal,True,,3.167273099999875,1956651.0,1608159.0,1136259.0,1095696.0
870215,25,Optimal,True,1171663.0,0.44,Optimal,True,855593.0,0.07,Optimal,True,821236.0,0.06,Infeasible,False,proposed.phase4_e_star_alpha,0.8720035000005737,,,,
870215,250,Optimal,True,8186814.0,3.16,Optimal,True,7678646.0,1.62,Optimal,True,7299513.0,0.12,Optimal,True,,8.67429159997846,7299513.0,6434035.0,7015731.0,6996591.0
870215,50,Optimal,True,2076017.0,0.7,Optimal,True,1359187.0,0.09,Optimal,True,1295357.0,0.07,Infeasible,False,proposed.phase4_e_star_alpha,1.5114959999918938,,,,
870215,500,Optimal,True,16601235.0,14.27,Optimal,True,16014780.0,0.66,Optimal,True,15214456.0,0.19,Optimal,True,,13.324357799981954,15214456.0,12559908.0,14036264.0,13952455.0
885219,100,Optimal,True,2459619.0,1.4,Optimal,True,2375289.0,0.29,Optimal,True,2263043.0,0.07,Infeasible,False,proposed.phase4_e_star_alpha,2.6173062000016216,,,,
885219,25,Optimal,True,600628.0,0.4,Optimal,True,404425.0,0.09,Optimal,True,392546.0,0.09,Infeasible,False,proposed.phase4_e_star_alpha,0.9522514999844134,,,,
885219,250,Optimal,True,6352710.0,3.47,Optimal,True,6352710.0,0.1,Optimal,True,6045912.0,0.1,Optimal,True,,6.7092738000210375,6045912.0,5177899.0,5114836.0,5063025.0
885219,50,Optimal,True,1271613.0,0.59,Optimal,True,1271613.0,0.08,Optimal,True,1217445.0,0.07,Infeasible,False,proposed.phase4_e_star_alpha,1.3915548000077251,,,,
885219,500,Optimal,True,17428939.0,13.39,Optimal,True,17152116.0,0.5,Optimal,True,16331308.0,0.16,Optimal,True,,14.309150699991733,16331308.0,11927901.0,14102694.0,13932943.0
908270,100,Optimal,True,3524290.0,1.05,Optimal,True,3340273.0,0.1,Optimal,True,3214059.0,0.1,Infeasible,False,proposed.phase4_e_star_alpha,2.2339116999937687,,,,
908270,25,Optimal,True,830671.0,0.27,Optimal,True,383548.0,0.05,Optimal,True,366831.0,0.05,Infeasible,False,proposed.phase4_e_star_alpha,0.6873179999820422,,,,
908270,250,Optimal,True,7548325.0,2.95,Optimal,True,7420980.0,0.33,Optimal,True,7066102.0,0.11,Optimal,True,,6.501771999988705,7066102.0,6192221.0,6477531.0,6339673.0
908270,50,Optimal,True,1428964.0,0.49,Optimal,True,1020875.0,0.08,Optimal,True,1006128.0,0.1,Infeasible,False,proposed.phase4_e_star_alpha,1.1708275999990292,,,,
908270,500,Optimal,True,13853053.0,12.62,Optimal,True,13814152.0,0.46,Optimal,True,13124941.0,0.25,Optimal,True,,13.48327630001586,13124941.0,10847412.0,11591490.0,11462398.0
947906,100,Optimal,True,1685860.0,1.39,Optimal,True,1552750.0,0.12,Optimal,True,1481657.0,0.07,Infeasible,False,proposed.phase4_e_star_alpha,2.3932559000095353,,,,
947906,25,Optimal,True,247247.0,0.39,Optimal,True,238159.0,0.07,Optimal,True,231135.0,0.05,Infeasible,False,proposed.phase4_e_star_alpha,0.7481366000138223,,,,
947906,250,Optimal,True,5714515.0,3.29,Optimal,True,5452636.0,0.16,Optimal,True,5186192.0,0.1,Optimal,True,,6.740934599976754,5186192.0,3875344.0,4443194.0,4133630.0
947906,50,Optimal,True,533140.0,0.6,Optimal,True,507792.0,0.06,Optimal,True,483520.0,0.08,Infeasible,False,proposed.phase4_e_star_alpha,1.3258037000196055,,,,
947906,500,Optimal,True,12609689.0,13.81,Optimal,True,11951722.0,5.46,Optimal,True,11365265.0,0.19,Optimal,True,,18.51963789999718,11365265.0,9187238.0,10096135.0,10014854.0
