seed,condition,b1_status,b1_cash_planned,b2_status,b2_cash_planned,b3_status,b3_cash_planned,proposed_status,proposed_optimal,proposed_failed_stage,proposed_planned_cash,proposed_initial_realized_cash,proposed_recommended_revised_cash,proposed_final_realized_cash,final_vs_planned_ratio,final_vs_recommended_ratio,consent_coverage_final,reopt_status,conc_status
192338,U0,Optimal,17005952.0,Optimal,16349748.0,Optimal,15546253.0,,True,,15546253.0,11790321.0,14230948.0,13040311.0,0.8388073319017773,0.9163346672336937,1.0,Optimal,Optimal
192338,UJ,Optimal,14421069.0,Optimal,14312906.0,Optimal,13607830.0,,True,,13607830.0,10630057.0,12844224.0,11470786.0,0.8429548282128745,0.8930696007793075,1.0,Optimal,Optimal
192338,UM,Optimal,18752956.0,Optimal,18037556.0,Optimal,17141173.0,,True,,17141173.0,13416265.0,16247898.0,14770110.0,0.8616744023294088,0.9090474349358914,1.0,Optimal,Optimal
192338,UP,Optimal,13310730.0,Optimal,12996985.0,Optimal,12352804.0,,True,,12352804.0,9430949.0,11542429.0,10361388.0,0.8387883431162674,0.8976782963100748,1.0,Optimal,Optimal
192338,UR,Optimal,15982873.0,Optimal,15771886.0,Optimal,15036615.0,,True,,15036615.0,11642118.0,13956475.0,12763262.0,0.8488121827951304,0.914504701222909,1.0,Optimal,Optimal
192338,UW,Optimal,17620338.0,Optimal,16964134.0,Optimal,16122670.0,,True,,16122670.0,12455923.0,14946562.0,13743603.0,0.8524396393401341,0.919516006423417,1.0,Optimal,Optimal
196157,U0,Optimal,16891168.0,Optimal,15790166.0,Optimal,15015058.0,Infeasible,False,proposed.reopt_phase3,,,,,,,,,
196157,UJ,Optimal,13730287.0,Optimal,13385903.0,Optimal,12727367.0,,True,,12727367.0,11288173.0,12049260.0,11962146.0,0.9398759382046578,0.9927701784175957,1.0,Optimal,Optimal
196157,UM,Optimal,17321116.0,Optimal,16517393.0,Optimal,15695290.0,,True,,15695290.0,13774006.0,15208883.0,15046782.0,0.9586813623704946,0.9893416893272176,1.0,Optimal,Optimal
196157,UP,Optimal,13672595.0,Optimal,13043245.0,Optimal,12392367.0,Infeasible,False,proposed.reopt_phase3,,,,,,,,,
196157,UR,Optimal,16242403.0,Optimal,15214113.0,Optimal,14467653.0,Infeasible,False,proposed.reopt_phase3,,,,,,,,,
196157,UW,Optimal,17070157.0,Optimal,15969155.0,Optimal,15171073.0,,True,,15171073.0,13133718.0,14602548.0,14358347.0,0.946429234108886,0.9832768226476639,1.0,Optimal,Optimal
200768,U0,Optimal,14869211.0,Optimal,14346966.0,Optimal,13630319.0,,True,,13630319.0,11635891.0,12517039.0,12398110.0,0.9095979338414604,0.9904986315054223,1.0,Optimal,Optimal
200768,UJ,Optimal,13652664.0,Optimal,13159209.0,Optimal,12501355.0,,True,,12501355.0,10634913.0,11721267.0,11586288.0,0.9268025746009133,0.9884842653955412,1.0,Optimal,Optimal
200768,UM,Optimal,14814450.0,Optimal,14375755.0,Optimal,13678864.0,,True,,13678864.0,11581832.0,12615125.0,12497091.0,0.9136059105492971,0.9906434537905887,1.0,Optimal,Optimal
200768,UP,Optimal,13998983.0,Optimal,13397125.0,Optimal,12762872.0,,True,,12762872.0,11021359.0,12023431.0,11899137.0,0.9323244015923688,0.9896623517862746,1.0,Optimal,Optimal
200768,UR,Optimal,14370745.0,Optimal,13846119.0,Optimal,13155004.0,,True,,13155004.0,10892424.0,11818262.0,11731272.0,0.891772590871124,0.9926393576314352,1.0,Optimal,Optimal
200768,UW,Optimal,14895312.0,Optimal,14373268.0,Optimal,13687050.0,,True,,13687050.0,11474075.0,12615945.0,12478963.0,0.9117350342111704,0.9891421530452138,1.0,Optimal,Optimal
222335,U0,Optimal,13636126.0,Optimal,12141112.0,Optimal,11534841.0,,True,,11534841.0,10274913.0,11099604.0,11036810.0,0.9568237654944702,0.994342681054207,1.0,Optimal,Optimal
222335,UJ,Optimal,11117193.0,Optimal,9651396.0,Optimal,9173128.0,,True,,9173128.0,8314001.0,8678982.0,8503956.0,0.9270508380565495,0.9798333491185948,1.0,Optimal,Optimal
222335,UM,Optimal,13937774.0,Optimal,12331036.0,Optimal,11745739.0,,True,,11745739.0,10687703.0,11233880.0,11038043.0,0.9397487037639777,0.9825672875266604,1.0,Optimal,Optimal
222335,UP,Optimal,12353473.0,Optimal,10780032.0,Optimal,10244732.0,,True,,10244732.0,8941384.0,9768692.0,9649090.0,0.9418587035756524,0.987756600371882,1.0,Optimal,Optimal
222335,UR,Optimal,12912401.0,Optimal,11662369.0,Optimal,11096982.0,,True,,11096982.0,10042185.0,10755252.0,10692230.0,0.963525938854366,0.9941403511512329,1.0,Optimal,Optimal
222335,UW,Optimal,13062069.0,Optimal,11567055.0,Optimal,10989641.0,,True,,10989641.0,9757932.0,10494742.0,10395505.0,0.9459367235017049,0.9905441219993784,1.0,Optimal,Optimal
262122,U0,Optimal,13881073.0,Optimal,13727092.0,Optimal,13082045.0,,True,,13082045.0,10611409.0,12009112.0,11616402.0,0.8879652990033287,0.9672989976278012,1.0,Optimal,Optimal
262122,UJ,Optimal,10931714.0,Optimal,10827494.0,Optimal,10296364.0,,True,,10296364.0,8466164.0,9513383.0,9187475.0,0.8923028556488485,0.9657421550251892,1.0,Optimal,Optimal
262122,UM,Optimal,13503557.0,Optimal,13130617.0,Optimal,12475889.0,,True,,12475889.0,10058960.0,11814223.0,11530694.0,0.9242382647040223,0.9760010455194557,1.0,Optimal,Optimal
262122,UP,Optimal,12041888.0,Optimal,11964176.0,Optimal,11374262.0,,True,,11374262.0,8947329.0,10046853.0,9933548.0,0.8733356063013143,0.9887223392240336,1.0,Optimal,Optimal
262122,UR,Optimal,12838202.0,Optimal,12838202.0,Optimal,12197451.0,,True,,12197451.0,10504257.0,11676709.0,11238538.0,0.9213841482126061,0.9624747863460501,1.0,Optimal,Optimal
262122,UW,Optimal,13891361.0,Optimal,13737380.0,Optimal,13052275.0,,True,,13052275.0,10674564.0,11971545.0,11741296.0,0.899559348849147,0.9807669770276101,1.0,Optimal,Optimal
288572,U0,Optimal,15054825.0,Optimal,14365098.0,Optimal,13650763.0,,True,,13650763.0,10124938.0,11350602.0,11042372.0,0.8089197651442633,0.9728446121183705,1.0,Optimal,Optimal
288572,UJ,Optimal,13908519.0,Optimal,13238303.0,Optimal,12590618.0,,True,,12590618.0,9116209.0,10687748.0,10472403.0,0.8317624281826357,0.9798512277796969,1.0,Optimal,Optimal
288572,UM,Optimal,16018438.0,Optimal,15295096.0,Optimal,14539524.0,,True,,14539524.0,10880921.0,12579169.0,12329858.0,0.8480234978806734,0.9801806462732157,1.0,Optimal,Optimal
288572,UP,Optimal,13693963.0,Optimal,12857409.0,Optimal,12214715.0,,True,,12214715.0,8948647.0,10438997.0,10199866.0,0.8350473997960657,0.9770925310161503,1.0,Optimal,Optimal
288572,UR,Optimal,14311625.0,Optimal,13818183.0,Optimal,13128752.0,,True,,13128752.0,9711288.0,11263534.0,11018966.0,0.839300338676517,0.9782867437520054,1.0,Optimal,Optimal
288572,UW,Optimal,15054825.0,Optimal,14365098.0,Optimal,13650763.0,,True,,13650763.0,10124938.0,11350602.0,11042372.0,0.8089197651442633,0.9728446121183705,1.0,Optimal,Optimal
320290,U0,Optimal,14125749.0,Optimal,14116991.0,Optimal,13411971.0,,True,,13411971.0,11223008.0,12852555.0,12500983.0,0.9320765009110145,0.9726457502029752,1.0,Optimal,Optimal
320290,UJ,Optimal,11361758.0,Optimal,11279328.0,Optimal,10716690.0,,True,,10716690.0,9046283.0,10115180.0,10047827.0,0.9375867921904991,0.9933413938259131,1.0,Optimal,Optimal
320290,UM,Optimal,13558608.0,Optimal,13478968.0,Optimal,12969656.0,Infeasible,False,proposed.reopt_phase3,,,,,,,,,
320290,UP,Optimal,13004662.0,Optimal,12990288.0,Optimal,12349211.0,,True,,12349211.0,10379065.0,11643716.0,11444779.0,0.9267619607438888,0.9829146468361132,1.0,Optimal,Optimal
320290,UR,Optimal,13646966.0,Optimal,13646966.0,Optimal,12971682.0,,True,,12971682.0,10848884.0,12154867.0,12056947.0,0.9294821596767482,0.9919439677949582,1.0,Optimal,Optimal
320290,UW,Optimal,13402617.0,Optimal,13393863.0,Optimal,12733509.0,,True,,12733509.0,10377470.0,12089545.0,11651113.0,0.9149962512297278,0.9637346153225783,1.0,Optimal,Optimal
321611,U0,Optimal,14446244.0,Optimal,13548340.0,Optimal,12871171.0,,True,,12871171.0,10211148.0,11405320.0,11256622.0,0.8745608305569089,0.9869624000028057,1.0,Optimal,Optimal
321611,UJ,Optimal,13107338.0,Optimal,12686323.0,Optimal,12056501.0,,True,,12056501.0,9335102.0,10835773.0,10457864.0,0.8674045645581583,0.9651239463949641,1.0,Optimal,Optimal
321611,UM,Optimal,15996365.0,Optimal,15242992.0,Optimal,14543438.0,,True,,14543438.0,11510701.0,13156628.0,12916296.0,0.8881184765252893,0.981733009400281,1.0,Optimal,Optimal
321611,UP,Optimal,12248274.0,Optimal,11411993.0,Optimal,10842256.0,,True,,10842256.0,8249503.0,9322816.0,9135259.0,0.8425607179907946,0.9798819369598198,1.0,Optimal,Optimal
321611,UR,Optimal,13814558.0,Optimal,13185266.0,Optimal,12526475.0,,True,,12526475.0,9839599.0,11170857.0,11029337.0,0.8804820989144991,0.9873313211331951,1.0,Optimal,Optimal
321611,UW,Optimal,14500550.0,Optimal,13602652.0,Optimal,12925262.0,,True,,12925262.0,10173421.0,11701601.0,11525967.0,0.8917395252800291,0.9849906008588055,1.0,Optimal,Optimal
331297,U0,Optimal,15814650.0,Optimal,15269506.0,Optimal,14555507.0,,True,,14555507.0,11681842.0,13981819.0,13301649.0,0.9138567966062604,0.9513532538219812,1.0,Optimal,Optimal
331297,UJ,Optimal,14061159.0,Optimal,13519301.0,Optimal,12847264.0,Infeasible,False,proposed.reopt_phase3,,,,,,,,,
331297,UM,Optimal,16463064.0,Optimal,16005332.0,Optimal,15219609.0,,True,,15219609.0,12257389.0,14566678.0,13914525.0,0.9142498338820663,0.9552298059996933,1.0,Optimal,Optimal
331297,UP,Optimal,14833885.0,Optimal,14139119.0,Optimal,13448786.0,Infeasible,False,proposed.reopt_phase3,,,,,,,,,
331297,UR,Optimal,15161815.0,Optimal,14666650.0,Optimal,13939212.0,,True,,13939212.0,11433284.0,13549539.0,12914128.0,0.9264604053658126,0.9531046037802466,1.0,Optimal,Optimal
331297,UW,Optimal,15093669.0,Optimal,14548525.0,Optimal,13822645.0,,True,,13822645.0,11049075.0,13401573.0,12684898.0,0.9176896317600575,0.9465230685979922,1.0,Optimal,Optimal
385101,U0,Optimal,16607005.0,Optimal,14199009.0,Optimal,13497163.0,,True,,13497163.0,11318677.0,13148351.0,12988869.0,0.9623406785559306,0.987870570233484,1.0,Optimal,Optimal
385101,UJ,Optimal,13439089.0,Optimal,11849074.0,Optimal,11262038.0,,True,,11262038.0,9717052.0,11030584.0,10891095.0,0.9670625334419933,0.9873543413476566,1.0,Optimal,Optimal
385101,UM,Optimal,15122522.0,Optimal,13107218.0,Optimal,12460505.0,,True,,12460505.0,11148635.0,12145044.0,12028804.0,0.9653544539326456,0.9904290177952423,1.0,Optimal,Optimal
385101,UP,Optimal,15222541.0,Optimal,13220158.0,Optimal,12561266.0,,True,,12561266.0,10550623.0,12317691.0,12186543.0,0.9701683731560179,0.9893528746580832,1.0,Optimal,Optimal
385101,UR,Optimal,16082348.0,Optimal,13770344.0,Optimal,13087537.0,,True,,13087537.0,11077146.0,12743569.0,12634960.0,0.9654192381652865,0.9914773483001504,1.0,Optimal,Optimal
385101,UW,Optimal,16607005.0,Optimal,14199009.0,Optimal,13497163.0,,True,,13497163.0,11318677.0,13148351.0,12988869.0,0.9623406785559306,0.987870570233484,1.0,Optimal,Optimal
449132,U0,Optimal,13675589.0,Optimal,13562104.0,Optimal,12906260.0,,True,,12906260.0,10000947.0,11260117.0,11132527.0,0.8625680096325349,0.9886688566379905,1.0,Optimal,Optimal
449132,UJ,Optimal,11164103.0,Optimal,11149956.0,Optimal,10593823.0,Infeasible,False,proposed.reopt_phase3,,,,,,,,,
449132,UM,Optimal,13167065.0,Optimal,13053580.0,Optimal,12401948.0,Infeasible,False,proposed.reopt_phase3,,,,,,,,,
449132,UP,Optimal,13124649.0,Optimal,13019018.0,Optimal,12371671.0,,True,,12371671.0,9869123.0,10737984.0,10594115.0,0.8563204598635059,0.9866018612059768,1.0,Optimal,Optimal
449132,UR,Optimal,12680934.0,Optimal,12615591.0,Optimal,12005835.0,,True,,12005835.0,9240605.0,10184006.0,10084776.0,0.8399895550788429,0.9902562901082345,1.0,Optimal,Optimal
449132,UW,Optimal,13115494.0,Optimal,13115494.0,Optimal,12461423.0,,True,,12461423.0,9898731.0,11084956.0,10906320.0,0.8752066276860997,0.9838848255238902,1.0,Optimal,Optimal
496928,U0,Optimal,14759805.0,Optimal,12734618.0,Optimal,12099824.0,Infeasible,False,proposed.reopt_phase3,,,,,,,,,
496928,UJ,Optimal,13789859.0,Optimal,12151012.0,Optimal,11544041.0,,True,,11544041.0,10034183.0,10898287.0,10712264.0,0.9279475012259571,0.9829309872276257,1.0,Optimal,Optimal
496928,UM,Optimal,15933567.0,Optimal,14137611.0,Optimal,13441624.0,Infeasible,False,proposed.reopt_phase3,,,,,,,,,
496928,UP,Optimal,13308101.0,Optimal,11423080.0,Optimal,10852955.0,Infeasible,False,proposed.reopt_phase3,,,,,,,,,
496928,UR,Optimal,14213344.0,Optimal,12265298.0,Optimal,11653290.0,Infeasible,False,proposed.reopt_phase3,,,,,,,,,
496928,UW,Optimal,14811086.0,Optimal,12716885.0,Optimal,12082207.0,,True,,12082207.0,10653837.0,11407907.0,11277122.0,0.9333660646602066,0.9885355832581735,1.0,Optimal,Optimal
514942,U0,Optimal,14838165.0,Optimal,13818431.0,Optimal,13128152.0,,True,,13128152.0,10502129.0,11676317.0,11530840.0,0.8783292576137144,0.9875408487111133,1.0,Optimal,Optimal
514942,UJ,Optimal,13561613.0,Optimal,12282259.0,Optimal,11673470.0,Infeasible,False,proposed.phase4_e_star_alpha,,,,,,,,,
514942,UM,Optimal,15233822.0,Optimal,13991186.0,Optimal,13303569.0,,True,,13303569.0,10786058.0,11548392.0,11192418.0,0.8413094260645395,0.9691754488417089,1.0,Optimal,Optimal
514942,UP,Optimal,13758043.0,Optimal,12726710.0,Optimal,12091658.0,,True,,12091658.0,9557192.0,10659740.0,10564326.0,0.8736871320707218,0.9910491250255635,1.0,Optimal,Optimal
514942,UR,Optimal,14354569.0,Optimal,13356286.0,Optimal,12689132.0,,True,,12689132.0,10500065.0,11301047.0,11256541.0,0.8871009459118244,0.9960617808243785,1.0,Optimal,Optimal
514942,UW,Optimal,14704357.0,Optimal,13562808.0,Optimal,12888991.0,,True,,12888991.0,10381634.0,11387699.0,10869569.0,0.8433219481649107,0.9545009048799059,1.0,Optimal,Optimal
52314,U0,Optimal,14716670.0,Optimal,13601544.0,Optimal,12922898.0,,True,,12922898.0,10495462.0,11623246.0,11220156.0,0.8682383781099255,0.9653203588739324,1.0,Optimal,Optimal
52314,UJ,Optimal,13697169.0,Optimal,13047165.0,Optimal,12397281.0,Infeasible,False,proposed.reopt_phase3,,,,,,,,,
52314,UM,Optimal,15151281.0,Optimal,14510824.0,Optimal,13785332.0,,True,,13785332.0,11227529.0,12254053.0,11884629.0,0.8621213475308394,0.9698529131545294,1.0,Optimal,Optimal
52314,UP,Optimal,13764060.0,Optimal,12549438.0,Optimal,11922247.0,,True,,11922247.0,9782416.0,10781562.0,10320001.0,0.8656087229194296,0.9571897838179663,1.0,Optimal,Optimal
52314,UR,Optimal,14148932.0,Optimal,13175502.0,Optimal,12516795.0,,True,,12516795.0,10296273.0,11299457.0,10852349.0,0.8670229879134395,0.9604310189418837,1.0,Optimal,Optimal
52314,UW,Optimal,14733650.0,Optimal,13618524.0,Optimal,12938515.0,,True,,12938515.0,10603973.0,11677792.0,11506601.0,0.8893293395725862,0.985340465046817,1.0,Optimal,Optimal
57684,U0,Optimal,13758563.0,Optimal,12382903.0,Optimal,11768765.0,,True,,11768765.0,9892202.0,11552441.0,11429123.0,0.971140387287876,0.9893253728800693,1.0,Optimal,Optimal
57684,UJ,Optimal,11071246.0,Optimal,10335990.0,Optimal,9828705.0,,True,,9828705.0,8624033.0,9691428.0,9613264.0,0.9780804287034762,0.9919347282980382,1.0,Optimal,Optimal
57684,UM,Optimal,13414885.0,Optimal,12140961.0,Optimal,11536711.0,,True,,11536711.0,9531065.0,11218614.0,11122128.0,0.9640640213662283,0.9913994723412357,1.0,Optimal,Optimal
57684,UP,Optimal,12157985.0,Optimal,10831546.0,Optimal,10342887.0,,True,,10342887.0,8997358.0,10193393.0,10103379.0,0.976843216018893,0.9911693780471331,1.0,Optimal,Optimal
57684,UR,Optimal,13380381.0,Optimal,12135193.0,Optimal,11533783.0,,True,,11533783.0,9641071.0,11259714.0,11078685.0,0.9605421742371952,0.983922415791378,1.0,Optimal,Optimal
57684,UW,Optimal,13329543.0,Optimal,12382903.0,Optimal,11820240.0,,True,,11820240.0,9942047.0,11521362.0,11423994.0,0.9664773304095349,0.9915489158313053,1.0,Optimal,Optimal
621609,U0,Optimal,15871932.0,Optimal,14274010.0,Optimal,13567722.0,Infeasible,False,proposed.reopt_phase3,,,,,,,,,
621609,UJ,Optimal,15946534.0,Optimal,14089419.0,Optimal,13384955.0,Infeasible,False,proposed.reopt_phase3,,,,,,,,,
621609,UM,Optimal,17931087.0,Optimal,16195418.0,Optimal,15386294.0,Infeasible,False,proposed.reopt_phase3,,,,,,,,,
621609,UP,Optimal,14766745.0,Optimal,13035065.0,Optimal,12388164.0,Infeasible,False,proposed.reopt_phase3,,,,,,,,,
621609,UR,Optimal,15156114.0,Optimal,13587858.0,Optimal,12910313.0,Infeasible,False,proposed.reopt_phase3,,,,,,,,,
621609,UW,Optimal,15871932.0,Optimal,14274010.0,Optimal,13567722.0,Infeasible,False,proposed.reopt_phase3,,,,,,,,,
627177,U0,Optimal,12307764.0,Optimal,11948968.0,Optimal,11355561.0,Infeasible,False,proposed.reopt_phase3,,,,,,,,,
627177,UJ,Optimal,9365616.0,Optimal,9302520.0,Optimal,8870358.0,,True,,8870358.0,7870003.0,8599950.0,8506278.0,0.9589554333658236,0.9891078436502537,1.0,Optimal,Optimal
627177,UM,Optimal,12088668.0,Optimal,11705140.0,Optimal,11121004.0,Infeasible,False,proposed.reopt_phase3,,,,,,,,,
627177,UP,Optimal,10321435.0,Optimal,10096287.0,Optimal,9591496.0,Infeasible,False,proposed.reopt_phase3,,,,,,,,,
627177,UR,Optimal,11567794.0,Optimal,11282850.0,Optimal,10723347.0,Infeasible,False,proposed.reopt_phase3,,,,,,,,,
627177,UW,Optimal,12181823.0,Optimal,11948968.0,Optimal,11355911.0,Infeasible,False,proposed.reopt_phase3,,,,,,,,,
637394,U0,Optimal,13643979.0,Optimal,13559534.0,Optimal,12885185.0,,True,,12885185.0,10076401.0,11198084.0,11140075.0,0.8645646143225728,0.994819738805317,1.0,Optimal,Optimal
637394,UJ,Optimal,12919434.0,Optimal,12919434.0,Optimal,12279033.0,,True,,12279033.0,9128162.0,10411299.0,10273194.0,0.8366451983637474,0.9867350846421757,1.0,Optimal,Optimal
637394,UM,Optimal,15069637.0,Optimal,14966250.0,Optimal,14218205.0,,True,,14218205.0,11047399.0,12488635.0,12416299.0,0.8732676874471847,0.9942078537806573,1.0,Optimal,Optimal
637394,UP,Optimal,12354743.0,Optimal,12344099.0,Optimal,11738943.0,,True,,11738943.0,8927869.0,10515283.0,10460735.0,0.8911138762663725,0.9948125029064838,1.0,Optimal,Optimal
637394,UR,Optimal,12910307.0,Optimal,12906038.0,Optimal,12265141.0,,True,,12265141.0,9234413.0,10532622.0,10465671.0,0.8532858285118777,0.9936434631376688,1.0,Optimal,Optimal
637394,UW,Optimal,13802195.0,Optimal,13717750.0,Optimal,13050783.0,,True,,13050783.0,9907164.0,11391297.0,11336749.0,0.8686642786107163,0.9952114320256947,1.0,Optimal,Optimal
651976,U0,Optimal,15352176.0,Optimal,15024792.0,Optimal,14283115.0,,True,,14283115.0,12319403.0,13506608.0,13157811.0,0.921214384957343,0.9741758256403088,1.0,Optimal,Optimal
651976,UJ,Optimal,15438964.0,Optimal,15285050.0,Optimal,14523139.0,,True,,14523139.0,12562215.0,13379795.0,12975572.0,0.8934412870385665,0.9697885505719632,1.0,Optimal,Optimal
651976,UM,Optimal,17252460.0,Optimal,16925076.0,Optimal,16090198.0,,True,,16090198.0,14310953.0,15517526.0,14836560.0,0.9220868506403712,0.9561163293684831,1.0,Optimal,Optimal
651976,UP,Optimal,14486128.0,Optimal,14108173.0,Optimal,13431711.0,,True,,13431711.0,11665768.0,12646627.0,12206062.0,0.9087496001067921,0.9651634384409377,1.0,Optimal,Optimal
651976,UR,Optimal,14459703.0,Optimal,14418017.0,Optimal,13701840.0,,True,,13701840.0,12017518.0,12910980.0,12672462.0,0.9248730097563539,0.9815259569761552,1.0,Optimal,Optimal
651976,UW,Optimal,15600323.0,Optimal,15157662.0,Optimal,14402022.0,,True,,14402022.0,12496295.0,13521476.0,13143240.0,0.9125968561914432,0.9720270183521384,1.0,Optimal,Optimal
65693,U0,Optimal,11907597.0,Optimal,11907597.0,Optimal,11317399.0,,True,,11317399.0,9278817.0,10113404.0,10034080.0,0.8866065427224047,0.992156547884372,1.0,Optimal,Optimal
65693,UJ,Optimal,8259721.0,Optimal,8259721.0,Optimal,7856557.0,,True,,7856557.0,6399764.0,6838652.0,6787288.0,0.8639010701507034,0.992489163068979,1.0,Optimal,Optimal
65693,UM,Optimal,10867927.0,Optimal,10864387.0,Optimal,10329603.0,Infeasible,False,proposed.phase4_e_star_alpha,,,,,,,,,
65693,UP,Optimal,9877400.0,Optimal,9757460.0,Optimal,9277984.0,,True,,9277984.0,7195913.0,7877664.0,7796948.0,0.8403709254079335,0.9897538153442442,1.0,Optimal,Optimal
65693,UR,Optimal,11385861.0,Optimal,11385861.0,Optimal,10819791.0,,True,,10819791.0,8720884.0,9561220.0,9503250.0,0.8783210322639319,0.9939369662030577,1.0,Optimal,Optimal
65693,UW,Optimal,11620318.0,Optimal,11620318.0,Optimal,11042164.0,,True,,11042164.0,9119862.0,9565360.0,9488510.0,0.8592980506357268,0.9919658016007762,1.0,Optimal,Optimal
679242,U0,Optimal,13849239.0,Optimal,13849239.0,Optimal,13159072.0,,True,,13159072.0,11127309.0,12079134.0,11787450.0,0.8957660540196147,0.9758522423875752,1.0,Optimal,Optimal
679242,UJ,Optimal,11579202.0,Optimal,11335990.0,Optimal,10769867.0,,True,,10769867.0,9228008.0,9971454.0,9696612.0,0.9003464945295981,0.9724371189998972,1.0,Optimal,Optimal
679242,UM,Optimal,14006196.0,Optimal,14006196.0,Optimal,13307041.0,,True,,13307041.0,11366643.0,12349389.0,12006409.0,0.902259863781888,0.9722269660466603,1.0,Optimal,Optimal
679242,UP,Optimal,12537900.0,Optimal,12378663.0,Optimal,11766351.0,,True,,11766351.0,10018985.0,10915576.0,10645685.0,0.9047567083456884,0.9752746900392614,1.0,Optimal,Optimal
679242,UR,Optimal,12889096.0,Optimal,12889096.0,Optimal,12245914.0,,True,,12245914.0,10482661.0,11242871.0,10977263.0,0.8964020978752586,0.9763754293720883,1.0,Optimal,Optimal
679242,UW,Optimal,13675057.0,Optimal,13451236.0,Optimal,12783655.0,,True,,12783655.0,10900246.0,11806960.0,11532198.0,0.9021049144395714,0.9767288108031195,1.0,Optimal,Optimal
720982,U0,Optimal,13161391.0,Optimal,12773141.0,Optimal,12139025.0,,True,,12139025.0,10811387.0,11655565.0,11505011.0,0.9477705993685654,0.9870830800566082,1.0,Optimal,Optimal
720982,UJ,Optimal,10304665.0,Optimal,10052153.0,Optimal,9565751.0,,True,,9565751.0,8553601.0,9247755.0,8866462.0,0.926896591809676,0.9587691282911366,1.0,Optimal,Optimal
720982,UM,Optimal,14016504.0,Optimal,13392618.0,Optimal,12730822.0,,True,,12730822.0,11338516.0,12145599.0,11924043.0,0.9366278940982758,0.9817583307336263,1.0,Optimal,Optimal
720982,UP,Optimal,10722932.0,Optimal,10408897.0,Optimal,9894548.0,,True,,9894548.0,8886323.0,9529636.0,9353831.0,0.9453520261865423,0.9815517612634942,1.0,Optimal,Optimal
720982,UR,Optimal,12590535.0,Optimal,12331159.0,Optimal,11730813.0,,True,,11730813.0,10436353.0,11348448.0,11113486.0,0.9473755996280906,0.979295671090884,1.0,Optimal,Optimal
720982,UW,Optimal,12457324.0,Optimal,12069074.0,Optimal,11469021.0,,True,,11469021.0,10207973.0,10788826.0,10613304.0,0.9253888365885806,0.9837311307087536,1.0,Optimal,Optimal
737579,U0,Optimal,12082258.0,Optimal,11936076.0,Optimal,11342113.0,,True,,11342113.0,9367886.0,10200172.0,9866936.0,0.8699380794389899,0.9673303548214677,1.0,Optimal,Optimal
737579,UJ,Optimal,10452850.0,Optimal,10253988.0,Optimal,9741390.0,,True,,9741390.0,7903764.0,8701337.0,8389655.0,0.861237975278682,0.964179987512264,1.0,Optimal,Optimal
737579,UM,Optimal,11529882.0,Optimal,11375522.0,Optimal,10808318.0,,True,,10808318.0,8902686.0,9826423.0,9472974.0,0.8764521917286298,0.9640307566649634,1.0,Optimal,Optimal
737579,UP,Optimal,11192091.0,Optimal,10984958.0,Optimal,10448490.0,,True,,10448490.0,8493166.0,9385151.0,8912480.0,0.8529921548472554,0.949636292479471,1.0,Optimal,Optimal
737579,UR,Optimal,11462783.0,Optimal,11328651.0,Optimal,10781060.0,,True,,10781060.0,8757119.0,9696695.0,9258251.0,0.8587514585764294,0.9547841816206449,1.0,Optimal,Optimal
737579,UW,Optimal,12293861.0,Optimal,12147676.0,Optimal,11566887.0,,True,,11566887.0,9328503.0,10786509.0,10321113.0,0.8922982475751686,0.9568538810842322,1.0,Optimal,Optimal
750647,U0,Optimal,16901932.0,Optimal,16397993.0,Optimal,15586202.0,,True,,15586202.0,12797649.0,14603372.0,14341497.0,0.9201405833185018,0.9820674978354315,1.0,Optimal,Optimal
750647,UJ,Optimal,13679284.0,Optimal,12762202.0,Optimal,12129479.0,,True,,12129479.0,10387243.0,11705017.0,11618263.0,0.9578534247019184,0.9925883063646982,1.0,Optimal,Optimal
750647,UM,Optimal,14654200.0,Optimal,14010842.0,Optimal,13316193.0,,True,,13316193.0,11275966.0,12636328.0,12518283.0,0.940079720983317,0.9906582830075319,1.0,Optimal,Optimal
750647,UP,Optimal,15751678.0,Optimal,15352001.0,Optimal,14593747.0,,True,,14593747.0,12234529.0,14091889.0,13919717.0,0.9538137806555095,0.9877821915855284,1.0,Optimal,Optimal
750647,UR,Optimal,16109836.0,Optimal,15671889.0,Optimal,14906075.0,,True,,14906075.0,12057268.0,14019558.0,13687855.0,0.9182735897947649,0.9763399816171094,1.0,Optimal,Optimal
750647,UW,Optimal,17789856.0,Optimal,16670191.0,Optimal,15858192.0,,True,,15858192.0,13541465.0,15281148.0,15117794.0,0.953311323258036,0.9893100963356941,1.0,Optimal,Optimal
80120,U0,Optimal,14300483.0,Optimal,13148064.0,Optimal,12493200.0,,True,,12493200.0,10522767.0,11656865.0,11486150.0,0.9193921493292351,0.985354981806858,1.0,Optimal,Optimal
80120,UJ,Optimal,13286712.0,Optimal,12258463.0,Optimal,11650183.0,,True,,11650183.0,9533219.0,10728909.0,10550417.0,0.9056009678131236,0.9833634528916221,1.0,Optimal,Optimal
80120,UM,Optimal,15950521.0,Optimal,14363664.0,Optimal,13649507.0,,True,,13649507.0,11296062.0,12756568.0,12534750.0,0.9183298708151144,0.9826114672849312,1.0,Optimal,Optimal
80120,UP,Optimal,12931954.0,Optimal,11893260.0,Optimal,11301110.0,,True,,11301110.0,9171287.0,10582096.0,10501950.0,0.929284822464342,0.9924262641351959,1.0,Optimal,Optimal
80120,UR,Optimal,12953781.0,Optimal,12167610.0,Optimal,11559541.0,,True,,11559541.0,9456229.0,10562562.0,10408799.0,0.9004508916054712,0.985442641662127,1.0,Optimal,Optimal
80120,UW,Optimal,14559352.0,Optimal,13406933.0,Optimal,12736749.0,Infeasible,False,proposed.reopt_phase3,,,,,,,,,
803466,U0,Optimal,17924836.0,Optimal,16485337.0,Optimal,15661322.0,,True,,15661322.0,12318682.0,13853897.0,13812434.0,0.8819455982068436,0.9970071236995627,1.0,Optimal,Optimal
803466,UJ,Optimal,15117112.0,Optimal,14311342.0,Optimal,13605432.0,,True,,13605432.0,10794276.0,12357002.0,12294794.0,0.9036680349436902,0.9949657692051842,1.0,Optimal,Optimal
803466,UM,Optimal,18846351.0,Optimal,17512525.0,Optimal,16645562.0,,True,,16645562.0,12899059.0,14828629.0,14721192.0,0.8843914071510472,0.992754758379888,1.0,Optimal,Optimal
803466,UP,Optimal,15343649.0,Optimal,13952948.0,Optimal,13255312.0,,True,,13255312.0,9935168.0,11523609.0,11468775.0,0.8652210525108727,0.9952415948857689,1.0,Optimal,Optimal
803466,UR,Optimal,16587778.0,Optimal,15784780.0,Optimal,14998691.0,,True,,14998691.0,11976258.0,13089880.0,13027947.0,0.8686056003153875,0.9952686350065852,1.0,Optimal,Optimal
803466,UW,Optimal,17949931.0,Optimal,16510432.0,Optimal,15685506.0,,True,,15685506.0,12518639.0,13893368.0,13838434.0,0.8822433908093242,0.9960460271404313,1.0,Optimal,Optimal
870215,U0,Optimal,16601235.0,Optimal,16014780.0,Optimal,15214456.0,,True,,15214456.0,12559908.0,14036264.0,13952455.0,0.9170525058536434,0.9940291091703605,1.0,Optimal,Optimal
870215,UJ,Optimal,12913501.0,Optimal,12453458.0,Optimal,11832441.0,,True,,11832441.0,9892752.0,10986605.0,10891926.0,0.920513865228654,0.9913823242029726,1.0,Optimal,Optimal
870215,UM,Optimal,15583652.0,Optimal,14948990.0,Optimal,14201721.0,,True,,14201721.0,11679387.0,12934273.0,12863338.0,0.9057590977882187,0.9945157335089494,1.0,Optimal,Optimal
870215,UP,Optimal,14976809.0,Optimal,14300627.0,Optimal,13586958.0,,True,,13586958.0,11130604.0,12607233.0,12523424.0,0.9217239061164391,0.9933523081551677,1.0,Optimal,Optimal
870215,UR,Optimal,15354624.0,Optimal,15038913.0,Optimal,14287504.0,,True,,14287504.0,12014079.0,13709063.0,13510698.0,0.9456303914245623,0.9855303750518909,1.0,Optimal,Optimal
870215,UW,Optimal,16601235.0,Optimal,16014781.0,Optimal,15216014.0,,True,,15216014.0,12499318.0,14004101.0,13893998.0,0.9131167991827558,0.9921378030621173,1.0,Optimal,Optimal
885219,U0,Optimal,17428939.0,Optimal,17152116.0,Optimal,16331308.0,,True,,16331308.0,11927901.0,14102694.0,13932943.0,0.8531431162770305,0.9879632217787608,1.0,Optimal,Optimal
885219,UJ,Optimal,14466711.0,Optimal,14299901.0,Optimal,13585097.0,,True,,13585097.0,10541349.0,11949724.0,11815431.0,0.8697347541942468,0.9887618324908592,1.0,Optimal,Optimal
885219,UM,Optimal,18853433.0,Optimal,18537056.0,Optimal,17610293.0,,True,,17610293.0,13061872.0,14702203.0,14592307.0,0.8286237486224676,0.9925252018353984,1.0,Optimal,Optimal
885219,UP,Optimal,14043022.0,Optimal,13813145.0,Optimal,13131038.0,,True,,13131038.0,10701392.0,11649456.0,11516586.0,0.8770506946975555,0.9885943171938673,1.0,Optimal,Optimal
885219,UR,Optimal,16719066.0,Optimal,16548478.0,Optimal,15725605.0,,True,,15725605.0,12284715.0,14249555.0,14122574.0,0.8980623638963334,0.991088774351199,1.0,Optimal,Optimal
885219,UW,Optimal,17444528.0,Optimal,17167719.0,Optimal,16321444.0,,True,,16321444.0,12068809.0,14190596.0,14022298.0,0.8591334198126097,0.9881401739574575,1.0,Optimal,Optimal
908270,U0,Optimal,13853053.0,Optimal,13814152.0,Optimal,13124941.0,,True,,13124941.0,10847412.0,11591490.0,11462398.0,0.8733294877287449,0.9888632091301464,1.0,Optimal,Optimal
908270,UJ,Optimal,11647014.0,Optimal,11390452.0,Optimal,10828845.0,,True,,10828845.0,9241237.0,9855664.0,9668951.0,0.8928884844136193,0.9810552591890308,1.0,Optimal,Optimal
908270,UM,Optimal,13758794.0,Optimal,13652741.0,Optimal,12970582.0,,True,,12970582.0,10648937.0,11422372.0,11241680.0,0.866705904176081,0.9841808689123415,1.0,Optimal,Optimal
908270,UP,Optimal,12097031.0,Optimal,12039574.0,Optimal,11445503.0,,True,,11445503.0,9464524.0,10184483.0,9984971.0,0.8723925021032278,0.9804101985343783,1.0,Optimal,Optimal
908270,UR,Optimal,12698722.0,Optimal,12698722.0,Optimal,12066196.0,,True,,12066196.0,9989356.0,10679476.0,10528650.0,0.872574090458998,0.9858770224306885,1.0,Optimal,Optimal
908270,UW,Optimal,14596470.0,Optimal,13866407.0,Optimal,13175271.0,,True,,13175271.0,11333758.0,12306537.0,12136716.0,0.9211739174093648,0.9862007484315043,1.0,Optimal,Optimal
947906,U0,Optimal,12609689.0,Optimal,11951722.0,Optimal,11365265.0,,True,,11365265.0,9187238.0,10096135.0,10014854.0,0.8811808611589786,0.9919492954482086,1.0,Optimal,Optimal
947906,UJ,Optimal,10211979.0,Optimal,10028494.0,Optimal,9541348.0,,True,,9541348.0,7960562.0,8608520.0,8571002.0,0.8983009528632642,0.9956417595591345,1.0,Optimal,Optimal
947906,UM,Optimal,12129472.0,Optimal,11639978.0,Optimal,11065355.0,,True,,11065355.0,8780425.0,9662847.0,9554959.0,0.8635022554631099,0.9888347606041987,1.0,Optimal,Optimal
947906,UP,Optimal,11001390.0,Optimal,10530385.0,Optimal,10073139.0,,True,,10073139.0,8002586.0,8915120.0,8868855.0,0.8804460059570308,0.9948105017094554,1.0,Optimal,Optimal
947906,UR,Optimal,12124623.0,Optimal,11633681.0,Optimal,11056687.0,,True,,11056687.0,9119479.0,10340573.0,10041416.0,0.9081758396525107,0.9710695915980672,1.0,Optimal,Optimal
947906,UW,Optimal,12609689.0,Optimal,11951722.0,Optimal,11365265.0,,True,,11365265.0,9187238.0,10096135.0,10014854.0,0.8811808611589786,0.9919492954482086,1.0,Optimal,Optimal
